,awake,bedtime_end,bedtime_end_delta,bedtime_start,bedtime_start_delta,breath_average,deep,duration,efficiency,hr_5min,hr_average,hr_lowest,hypnogram_5min,is_longest,light,midpoint_at_delta,midpoint_time,onset_latency,period_id,rem,restless,rmssd,rmssd_5min,score,score_alignment,score_deep,score_disturbances,score_efficiency,score_latency,score_rem,score_total,summary_date,temperature_delta,temperature_deviation,temperature_trend_deviation,timezone,total
0,4710,2020-03-16T08:49:59+01:00,31799,2020-03-16T01:46:59+01:00,6419,14.375,5910,25380,81,"[58, 57, 57, 56, 56, 56, 56, 56, 57, 56, 56, 57, 59, 61, 63, 61, 61, 61, 61, 61, 60, 60, 57, 58, 59, 58, 58, 58, 59, 59, 58, 57, 55, 58, 61, 56, 55, 58, 57, 58, 58, 58, 58, 58, 59, 59, 59, 56, 56, 56, 57, 57, 56, 56, 56, 56, 58, 56, 0, 57, 56, 57, 58, 56, 56, 57, 57, 58, 58, 58, 59, 56, 57, 61, 59, 59, 59, 57, 65, 58, 58, 59, 55, 0, 57]",57.84,55,4222211112222144222111142222211122224222222111142212222444442244222222113334223322244,1,13050,18629,12210,210,0,1710,27,33,"[20, 23, 30, 35, 19, 20, 30, 23, 31, 46, 27, 26, 37, 37, 44, 31, 27, 18, 20, 18, 34, 18, 51, 50, 20, 29, 42, 31, 34, 27, 29, 37, 36, 32, 30, 32, 47, 46, 37, 43, 24, 20, 33, 32, 29, 27, 46, 37, 37, 28, 45, 52, 37, 41, 39, 36, 34, 37, 0, 55, 48, 60, 45, 39, 41, 31, 43, 34, 37, 42, 38, 54, 59, 38, 49, 49, 53, 51, 35, 35, 35, 33, 44, 0, 54]",61,34,96,69,76,70,25,59,2020-03-15,-0.17,-0.17,0.0,60,20670
1,6210,2020-03-17T09:34:33+01:00,34473,2020-03-17T00:31:33+01:00,1893,14.0,8160,32580,81,"[0, 58, 57, 57, 57, 57, 57, 56, 56, 57, 57, 57, 57, 58, 58, 58, 59, 63, 62, 63, 62, 62, 61, 61, 60, 60, 59, 59, 59, 60, 58, 57, 59, 62, 68, 69, 74, 67, 62, 61, 61, 60, 58, 56, 56, 56, 56, 57, 58, 57, 57, 58, 58, 58, 59, 59, 59, 59, 57, 60, 58, 59, 58, 56, 57, 57, 58, 58, 57, 57, 57, 58, 58, 58, 59, 61, 62, 63, 59, 59, 61, 62, 58, 57, 57, 58, 56, 56, 57, 57, 58, 60, 59, 62, 58, 58, 59, 59, 60, 66, 63, 62, 60, 59, 59, 59, 59, 59, 0]",59.16,56,4211111114211111122221211142222242334422221221111112111112334222222142222124344234424422233322223333422223344,1,13860,17553,15660,240,0,4350,22,33,"[0, 28, 34, 40, 21, 24, 19, 19, 30, 53, 29, 22, 20, 30, 38, 28, 24, 30, 26, 37, 25, 20, 22, 18, 19, 18, 38, 19, 44, 49, 53, 40, 54, 38, 26, 18, 17, 32, 43, 47, 38, 38, 39, 42, 27, 29, 35, 37, 49, 37, 53, 33, 26, 28, 26, 27, 37, 41, 47, 33, 42, 32, 46, 45, 58, 43, 41, 46, 48, 40, 33, 24, 28, 35, 56, 50, 55, 42, 51, 42, 23, 32, 52, 38, 37, 43, 52, 38, 44, 36, 47, 62, 69, 49, 43, 45, 53, 56, 49, 26, 44, 36, 32, 43, 25, 28, 27, 30, 0]",74,43,99,68,74,70,66,82,2020-03-16,-0.1,-0.1,-0.03,60,26370
2,5640,2020-03-18T09:41:33+01:00,34893,2020-03-18T00:58:33+01:00,3513,13.75,5940,31380,82,"[0, 59, 58, 57, 56, 56, 55, 55, 56, 57, 58, 58, 59, 59, 59, 63, 62, 64, 0, 58, 59, 59, 60, 59, 60, 60, 60, 60, 61, 59, 58, 58, 60, 58, 57, 56, 56, 58, 56, 57, 59, 59, 60, 60, 60, 60, 60, 60, 61, 59, 58, 59, 58, 58, 61, 58, 59, 59, 57, 58, 58, 0, 0, 58, 58, 59, 58, 56, 56, 57, 57, 56, 57, 59, 59, 60, 60, 61, 59, 64, 59, 57, 61, 59, 59, 59, 58, 55, 56, 57, 57, 58, 57, 56, 58, 59, 59, 58, 60, 59, 58, 58, 59, 58, 59]",58.5,55,422211111111222244422222221122221222222222221111122221443422444222222222221134444223322221122222433322244,1,18030,18723,15210,210,0,1770,21,35,"[0, 17, 20, 43, 34, 34, 34, 25, 33, 26, 23, 19, 36, 30, 28, 22, 27, 32, 0, 25, 18, 15, 23, 19, 15, 22, 15, 16, 28, 25, 45, 31, 29, 39, 52, 38, 40, 50, 49, 46, 37, 26, 47, 37, 31, 36, 28, 29, 36, 36, 37, 49, 37, 36, 49, 38, 42, 28, 41, 39, 34, 0, 0, 23, 35, 39, 37, 49, 46, 41, 51, 67, 47, 40, 37, 29, 53, 52, 36, 32, 44, 35, 29, 40, 28, 44, 39, 56, 45, 45, 39, 38, 51, 58, 53, 48, 48, 50, 28, 45, 54, 44, 50, 51, 41]",68,33,96,67,76,70,26,80,2020-03-17,0.02,0.02,0.0,60,25740
3,4170,2020-03-19T09:25:33+01:00,33933,2020-03-19T00:42:33+01:00,2553,13.75,8820,31380,87,"[0, 0, 55, 56, 55, 55, 55, 55, 55, 55, 54, 55, 57, 57, 58, 57, 57, 57, 56, 57, 58, 59, 57, 57, 57, 57, 57, 58, 58, 58, 58, 58, 63, 61, 63, 61, 61, 60, 59, 59, 58, 58, 58, 58, 58, 59, 57, 57, 59, 58, 58, 56, 58, 56, 59, 59, 57, 57, 57, 57, 57, 57, 57, 57, 56, 56, 57, 57, 58, 58, 57, 57, 57, 57, 59, 61, 58, 56, 56, 56, 57, 57, 55, 58, 59, 59, 59, 59, 58, 59, 58, 59, 59, 59, 59, 60, 57, 60, 59, 58, 58, 58, 59, 59, 61]",57.73,54,422211111111422221111111121111123112222222221221112222222222122222112222122442222222233222222222244333344,1,15930,17883,15330,630,0,2460,19,37,"[0, 0, 31, 38, 39, 27, 29, 35, 27, 24, 34, 32, 33, 32, 32, 35, 22, 21, 28, 19, 24, 23, 25, 25, 29, 40, 30, 29, 26, 29, 38, 50, 35, 39, 37, 44, 21, 39, 35, 50, 31, 37, 35, 35, 35, 42, 49, 42, 47, 44, 39, 43, 32, 53, 49, 52, 38, 71, 50, 54, 43, 40, 53, 44, 32, 37, 31, 41, 45, 27, 29, 36, 30, 24, 33, 48, 51, 49, 49, 47, 65, 43, 53, 40, 63, 63, 46, 33, 42, 40, 50, 47, 50, 49, 36, 41, 57, 54, 53, 32, 28, 34, 44, 38, 35]",75,40,100,67,88,89,36,86,2020-03-18,0.02,0.02,0.06,60,27210
4,5280,2020-03-20T08:42:30+01:00,31350,2020-03-20T00:12:30+01:00,750,14.0,8850,30600,83,"[60, 60, 60, 59, 58, 58, 58, 58, 58, 58, 60, 62, 58, 58, 58, 58, 58, 59, 60, 61, 61, 61, 60, 57, 59, 58, 58, 58, 58, 58, 58, 57, 58, 61, 60, 65, 0, 0, 56, 56, 56, 56, 55, 55, 55, 55, 55, 56, 56, 56, 56, 54, 55, 54, 54, 56, 57, 60, 58, 56, 55, 55, 56, 56, 56, 56, 57, 57, 57, 54, 55, 56, 56, 56, 55, 56, 57, 60, 58, 63, 57, 56, 58, 59, 58, 56, 56, 57, 57, 57, 57, 56, 57, 57, 58, 58, 57, 57, 58, 59, 60, 0, 57]",57.46,54,421111111111222222211112222111111434444222222111221122222222422222231222222214444222222224433322221144,1,15000,15090,14340,150,0,1470,22,39,"[19, 21, 19, 20, 23, 22, 25, 29, 39, 27, 32, 33, 43, 31, 37, 28, 36, 49, 36, 38, 31, 41, 52, 33, 40, 25, 23, 24, 29, 25, 28, 29, 45, 43, 44, 23, 0, 0, 42, 47, 34, 25, 26, 32, 34, 28, 33, 33, 32, 30, 31, 65, 72, 47, 53, 52, 50, 42, 71, 48, 47, 42, 43, 45, 44, 50, 33, 38, 48, 47, 58, 41, 54, 59, 64, 71, 33, 37, 48, 37, 40, 45, 44, 57, 52, 49, 42, 38, 50, 60, 41, 42, 29, 26, 35, 45, 40, 41, 48, 46, 36, 0, 57]",68,64,100,53,79,67,22,78,2020-03-19,-0.08,-0.08,0.04,60,25320
5,6120,2020-03-21T10:33:20+01:00,38000,2020-03-21T01:27:20+01:00,5240,13.75,9060,32760,81,"[57, 56, 56, 55, 56, 56, 55, 56, 55, 55, 55, 55, 55, 57, 61, 62, 60, 60, 56, 55, 55, 55, 56, 56, 56, 56, 56, 56, 56, 53, 52, 53, 53, 53, 54, 54, 55, 59, 57, 61, 0, 0, 53, 52, 52, 53, 53, 53, 55, 55, 55, 55, 54, 55, 57, 56, 56, 59, 62, 57, 60, 57, 54, 52, 53, 54, 55, 56, 56, 56, 56, 58, 56, 56, 57, 57, 57, 0, 0, 0, 55, 55, 55, 56, 57, 57, 56, 57, 57, 60, 57, 57, 55, 58, 57, 58, 58, 56, 56, 57, 58, 59, 58, 58, 56, 57, 57, 58, 0, 0]",56.08,52,42211111111111422222212221111122221111244442222111212222444442222211111142222233322222342333333332222222442444,1,13950,21260,16020,330,0,3630,25,47,"[29, 28, 28, 30, 27, 25, 27, 29, 38, 37, 30, 40, 33, 52, 33, 31, 47, 37, 40, 50, 55, 47, 73, 41, 51, 42, 44, 51, 50, 70, 50, 69, 60, 56, 40, 38, 47, 55, 53, 53, 0, 0, 41, 40, 39, 34, 41, 35, 38, 29, 33, 46, 55, 40, 66, 74, 38, 42, 52, 45, 52, 41, 58, 67, 59, 62, 61, 64, 61, 64, 55, 59, 34, 48, 55, 35, 57, 0, 0, 0, 52, 47, 50, 52, 58, 55, 65, 41, 53, 60, 52, 46, 69, 70, 51, 57, 56, 49, 52, 45, 48, 41, 42, 58, 64, 34, 38, 47, 0, 0]",69,20,100,48,74,75,54,83,2020-03-20,0.21,0.21,0.12,60,26640
6,7410,2020-03-22T09:48:31+01:00,35311,2020-03-22T01:58:31+01:00,7111,14.75,6870,28200,74,"[0, 54, 54, 53, 53, 53, 53, 53, 53, 53, 55, 58, 0, 53, 53, 53, 0, 0, 0, 0, 0, 0, 0, 0, 0, 0, 54, 57, 57, 55, 56, 57, 57, 57, 56, 56, 56, 55, 55, 55, 54, 54, 54, 54, 55, 55, 54, 53, 54, 54, 55, 55, 57, 65, 0, 55, 0, 54, 55, 56, 55, 56, 56, 55, 54, 55, 56, 57, 57, 0, 56, 56, 55, 55, 56, 56, 55, 56, 57, 57, 57, 57, 59, 58, 59, 59, 56, 56, 56, 55, 55, 0, 60, 59, 60]",55.61,53,2221111111142111144444444222222221111122322112211114344442222222222223222222222244224422224424,1,13320,21061,13950,150,0,600,24,43,"[0, 38, 34, 31, 26, 34, 29, 29, 30, 30, 24, 31, 0, 34, 40, 43, 0, 0, 0, 0, 0, 0, 0, 0, 0, 0, 48, 53, 58, 36, 61, 42, 31, 29, 34, 44, 41, 41, 46, 40, 71, 52, 49, 43, 36, 56, 63, 72, 61, 54, 45, 42, 33, 25, 0, 29, 0, 47, 37, 35, 37, 41, 33, 40, 43, 45, 46, 37, 33, 0, 38, 52, 62, 58, 57, 49, 53, 55, 53, 71, 61, 59, 34, 33, 40, 39, 35, 40, 53, 46, 47, 0, 30, 34, 40]",52,21,98,40,58,67,9,59,2020-03-21,0.03,0.03,0.15,60,20790
7,7890,2020-03-23T08:53:06+01:00,31986,2020-03-23T00:39:06+01:00,2346,14.375,7800,29640,73,"[55, 55, 55, 55, 54, 54, 54, 56, 59, 57, 58, 57, 57, 57, 58, 57, 58, 57, 56, 56, 54, 56, 56, 57, 56, 57, 57, 56, 57, 55, 57, 56, 56, 55, 55, 55, 55, 0, 0, 54, 54, 55, 54, 54, 54, 53, 53, 53, 54, 58, 56, 60, 57, 57, 54, 55, 55, 56, 56, 56, 55, 56, 56, 56, 55, 53, 54, 56, 0, 54, 53, 54, 54, 55, 55, 57, 57, 54, 54, 59, 0, 54, 55, 56, 56, 56, 57, 56, 56, 56, 55, 57, 58, 57, 58, 58, 57, 57, 0]",55.73,53,422211111122221114222222111112443331144222111222424244222221111112214422224444444423322222222424444,1,12510,16026,13680,210,0,1440,26,41,"[35, 31, 34, 23, 25, 27, 27, 22, 43, 52, 43, 38, 37, 35, 38, 34, 42, 47, 47, 58, 36, 48, 38, 45, 57, 56, 51, 59, 50, 45, 49, 33, 52, 39, 29, 31, 35, 0, 0, 40, 36, 28, 34, 32, 37, 42, 42, 32, 49, 48, 44, 32, 46, 42, 44, 54, 51, 48, 39, 34, 41, 40, 40, 42, 51, 51, 52, 61, 0, 61, 60, 58, 59, 51, 65, 36, 37, 66, 43, 34, 0, 42, 36, 45, 35, 38, 45, 41, 40, 51, 71, 63, 62, 58, 42, 51, 51, 47, 0]",60,56,99,52,55,70,21,63,2020-03-22,-0.2,-0.2,0.04,60,21750
8,5100,2020-03-24T09:20:01+01:00,33601,2020-03-24T01:10:01+01:00,4201,14.375,10050,29400,83,"[0, 55, 54, 54, 53, 53, 53, 54, 54, 55, 56, 58, 57, 56, 57, 57, 57, 57, 56, 56, 56, 56, 57, 57, 58, 61, 63, 64, 58, 57, 57, 57, 56, 56, 56, 56, 57, 58, 57, 57, 57, 57, 57, 55, 55, 56, 56, 55, 55, 58, 56, 61, 59, 54, 56, 56, 56, 56, 56, 56, 56, 0, 0, 0, 0, 57, 61, 59, 58, 58, 57, 56, 57, 56, 56, 56, 56, 57, 56, 56, 58, 60, 58, 56, 0, 58, 56, 56, 56, 56, 56, 56, 56, 56, 57, 58, 63, 67, 0]",56.83,53,42211111111111112111112144112222111212322112222112211442222113334423343242222122244433222111224224,1,11670,18181,13980,240,0,2580,22,36,"[0, 29, 30, 37, 44, 33, 33, 43, 39, 34, 37, 49, 52, 47, 39, 38, 31, 28, 29, 29, 32, 43, 46, 54, 45, 28, 31, 27, 32, 36, 33, 37, 31, 31, 30, 40, 40, 43, 47, 37, 33, 40, 47, 39, 54, 31, 36, 43, 40, 47, 44, 32, 63, 65, 38, 30, 31, 31, 31, 33, 44, 0, 0, 0, 0, 40, 40, 42, 40, 50, 51, 40, 36, 47, 40, 34, 41, 46, 35, 38, 58, 40, 41, 50, 0, 44, 35, 36, 36, 33, 44, 38, 58, 56, 75, 38, 31, 23, 0]",66,38,100,54,79,70,38,74,2020-03-23,0.06,0.06,0.02,60,24300
9,5610,2020-03-25T09:03:01+01:00,32581,2020-03-25T01:06:01+01:00,3961,14.125,7080,28620,80,"[61, 58, 56, 56, 55, 55, 54, 55, 54, 55, 55, 56, 59, 61, 58, 57, 56, 56, 57, 57, 56, 56, 56, 56, 57, 57, 58, 58, 58, 57, 56, 55, 60, 57, 55, 55, 55, 55, 54, 54, 55, 55, 56, 56, 56, 57, 55, 54, 54, 0, 0, 0, 0, 56, 60, 66, 58, 58, 57, 57, 57, 58, 56, 56, 55, 0, 0, 0, 0, 0, 0, 0, 0, 57, 0, 0, 57, 0, 56, 56, 57, 57, 0, 57, 57, 56, 56, 56, 56, 57, 58, 59, 57, 0, 0, 58]",56.6,54,422222111222112211211111112111112244222211122112211333224422222222333344444433322433222222224444,1,12240,17371,13410,450,0,3690,23,39,"[26, 20, 39, 23, 34, 31, 25, 32, 47, 30, 50, 45, 48, 41, 32, 48, 57, 37, 36, 40, 30, 24, 30, 27, 38, 40, 43, 40, 41, 38, 57, 54, 41, 43, 51, 55, 52, 48, 39, 38, 45, 46, 45, 54, 50, 38, 41, 34, 40, 0, 0, 0, 0, 41, 42, 24, 60, 32, 33, 30, 28, 33, 56, 37, 44, 0, 0, 0, 0, 0, 0, 0, 0, 63, 0, 0, 23, 0, 60, 56, 93, 47, 0, 31, 30, 22, 23, 33, 30, 65, 39, 37, 24, 0, 0, 38]",67,44,98,51,74,81,55,69,2020-03-24,0.06,0.06,0.08,60,23010
10,5130,2020-03-26T06:06:01+01:00,21961,2020-03-26T00:58:01+01:00,3481,14.0,6030,18480,72,"[59, 59, 59, 59, 59, 59, 59, 58, 58, 58, 60, 60, 62, 62, 62, 63, 61, 62, 61, 61, 61, 62, 61, 59, 59, 59, 59, 57, 57, 57, 55, 57, 57, 58, 58, 57, 57, 57, 58, 63, 60, 0, 56, 57, 0, 0, 59, 59, 60, 60, 61, 0, 0, 60, 58, 57, 58, 59, 60, 63, 61, 59]",59.23,55,42211111211422222111111222222111211111422444442222244422222144,1,7230,11671,8190,330,0,90,25,41,"[21, 24, 29, 23, 23, 20, 35, 30, 46, 27, 30, 46, 40, 43, 34, 50, 46, 39, 43, 35, 46, 41, 61, 45, 46, 36, 46, 67, 45, 55, 37, 41, 36, 27, 51, 41, 38, 35, 36, 32, 56, 0, 46, 54, 0, 0, 28, 30, 39, 38, 39, 0, 0, 35, 59, 60, 54, 40, 34, 41, 40, 45]",48,92,97,39,53,75,2,29,2020-03-25,0.19,0.19,0.18,60,13350
11,6540,2020-03-27T09:04:18+01:00,32658,2020-03-26T22:48:18+01:00,-4302,14.0,7170,36960,82,"[62, 60, 59, 58, 58, 58, 58, 58, 58, 58, 59, 59, 59, 60, 59, 62, 63, 63, 60, 59, 59, 59, 60, 58, 57, 57, 57, 57, 57, 57, 58, 57, 57, 58, 61, 60, 63, 58, 60, 0, 56, 56, 55, 55, 55, 56, 55, 55, 55, 56, 57, 56, 57, 57, 58, 57, 57, 58, 57, 56, 56, 59, 57, 57, 56, 56, 56, 56, 56, 56, 56, 56, 54, 55, 55, 55, 54, 56, 58, 58, 59, 58, 53, 54, 54, 54, 55, 55, 54, 56, 0, 0, 56, 56, 55, 56, 58, 60, 61, 62, 58, 57, 56, 57, 58, 58, 56, 55, 55, 56, 57, 57, 57, 58, 58, 58, 59, 59, 58, 60, 58, 59, 63, 0]",57.41,53,4422211111121111212212112212122112222244422221112223222244222242221221224222223442222221233322223344422222222233333333233344,1,17820,13788,18090,540,0,5430,25,38,"[29, 26, 29, 33, 34, 23, 20, 29, 24, 21, 19, 19, 19, 20, 30, 37, 45, 47, 21, 24, 32, 25, 19, 29, 35, 39, 34, 49, 52, 29, 23, 24, 43, 30, 30, 42, 38, 33, 40, 0, 34, 29, 39, 33, 30, 27, 32, 32, 59, 57, 47, 58, 33, 50, 41, 39, 42, 51, 49, 49, 41, 39, 44, 24, 26, 28, 29, 28, 25, 35, 35, 32, 51, 40, 43, 43, 55, 32, 36, 52, 55, 47, 66, 63, 52, 46, 57, 49, 46, 51, 0, 0, 60, 51, 51, 50, 48, 45, 53, 54, 28, 41, 48, 48, 43, 36, 61, 51, 50, 56, 35, 44, 46, 36, 40, 38, 54, 41, 48, 58, 58, 47, 38, 0]",85,74,98,67,76,83,82,97,2020-03-26,0.0,0.0,0.16,60,30420
12,5310,2020-03-28T09:30:00+01:00,34200,2020-03-28T01:03:00+01:00,3780,14.625,8400,30420,83,"[59, 58, 55, 56, 56, 56, 56, 56, 56, 55, 55, 56, 58, 59, 60, 59, 59, 58, 59, 0, 0, 59, 58, 58, 58, 58, 59, 59, 59, 59, 58, 58, 61, 58, 59, 58, 58, 58, 58, 56, 55, 55, 56, 56, 58, 57, 57, 56, 55, 57, 58, 59, 58, 60, 60, 57, 57, 56, 58, 58, 58, 57, 57, 57, 56, 57, 57, 58, 60, 59, 57, 58, 0, 0, 57, 57, 0, 0, 56, 57, 58, 58, 59, 57, 0, 61, 67, 69, 60, 59, 61, 59, 57, 58, 58, 58, 58, 58, 57, 58, 60, 0]",57.94,55,422211111111224421133112222111122112212122111211222224422212222222223322432233222114423444222222112244,1,14220,18270,14490,540,0,2490,27,40,"[39, 43, 56, 41, 31, 36, 24, 24, 27, 32, 35, 34, 32, 48, 35, 33, 60, 27, 20, 0, 0, 49, 40, 40, 35, 33, 26, 38, 38, 36, 31, 31, 34, 44, 50, 27, 33, 29, 31, 51, 43, 44, 30, 33, 54, 47, 49, 67, 58, 45, 34, 34, 48, 47, 46, 53, 44, 47, 42, 43, 61, 61, 54, 41, 46, 53, 36, 42, 33, 40, 54, 52, 0, 0, 54, 63, 0, 0, 53, 45, 46, 47, 56, 54, 0, 46, 31, 30, 42, 47, 27, 41, 40, 39, 46, 45, 38, 44, 49, 57, 41, 0]",70,37,99,65,79,83,37,77,2020-03-27,0.16,0.16,0.18,60,25110
13,7440,2020-03-29T09:41:26+01:00,34886,2020-03-29T01:09:26+01:00,4166,14.125,6600,30720,76,"[64, 62, 60, 60, 60, 60, 60, 61, 60, 61, 61, 63, 63, 63, 62, 62, 60, 61, 62, 63, 65, 65, 64, 62, 61, 61, 61, 60, 60, 61, 62, 62, 62, 59, 59, 59, 58, 57, 57, 56, 57, 61, 57, 0, 0, 56, 56, 56, 56, 56, 56, 55, 55, 55, 55, 56, 57, 57, 60, 60, 60, 61, 61, 66, 60, 57, 60, 59, 59, 59, 59, 60, 60, 57, 59, 57, 58, 59, 59, 61, 58, 56, 57, 58, 59, 59, 59, 58, 60, 60, 62, 59, 59, 59, 58, 60, 58, 59, 58, 57, 57, 59, 0]",59.4,55,4222111111122212212334422422111142211222244422221122111222442244444222211422223443333222222232224422244,1,14220,18956,14790,270,0,2460,25,37,"[28, 23, 29, 23, 24, 29, 24, 21, 24, 24, 25, 33, 42, 22, 18, 32, 26, 35, 43, 32, 36, 27, 20, 27, 22, 48, 37, 31, 31, 38, 39, 34, 42, 30, 25, 31, 37, 39, 43, 39, 30, 31, 44, 0, 0, 47, 41, 35, 33, 36, 41, 48, 44, 46, 41, 46, 41, 41, 38, 31, 51, 37, 21, 46, 33, 38, 45, 32, 36, 32, 41, 44, 36, 44, 48, 44, 38, 35, 51, 35, 54, 60, 49, 49, 60, 43, 56, 50, 47, 42, 51, 56, 33, 57, 43, 56, 60, 45, 47, 40, 47, 57, 0]",62,31,97,51,62,72,36,70,2020-03-28,0.23,0.23,0.24,60,23280
14,7170,2020-03-30T11:16:28+02:00,40588,2020-03-30T01:09:28+02:00,4168,14.125,8100,36420,80,"[0, 59, 58, 57, 56, 57, 56, 55, 56, 56, 57, 57, 58, 61, 60, 59, 58, 56, 56, 56, 56, 56, 57, 56, 54, 55, 55, 54, 55, 55, 56, 57, 57, 57, 56, 55, 57, 56, 55, 55, 56, 56, 56, 57, 57, 56, 56, 56, 56, 55, 55, 56, 55, 55, 56, 55, 56, 56, 56, 56, 57, 58, 57, 57, 65, 59, 57, 58, 58, 58, 59, 59, 60, 59, 59, 58, 54, 55, 55, 55, 60, 58, 60, 57, 58, 57, 57, 57, 57, 57, 58, 58, 59, 57, 56, 56, 56, 58, 58, 60, 60, 57, 58, 57, 58, 58, 58, 59, 59, 59, 59, 59, 59, 59, 58, 64, 62, 58, 58, 58, 57, 0]",57.2,54,42221111111122222111111442222224424222421111142222112222111442223244221111222223333233323333222222444422222222222334422244,1,17400,22018,17850,180,0,3750,30,41,"[0, 25, 23, 34, 34, 23, 43, 39, 39, 33, 31, 30, 29, 25, 41, 29, 35, 41, 34, 41, 40, 36, 34, 42, 76, 53, 61, 62, 46, 50, 46, 62, 46, 38, 38, 42, 28, 45, 59, 43, 32, 24, 35, 23, 36, 46, 38, 46, 45, 41, 37, 39, 45, 41, 45, 41, 39, 31, 31, 48, 54, 45, 49, 44, 28, 58, 63, 46, 37, 41, 31, 33, 50, 44, 38, 71, 55, 52, 59, 56, 45, 57, 52, 54, 45, 52, 42, 47, 45, 45, 56, 43, 48, 54, 54, 44, 55, 61, 44, 50, 59, 36, 39, 39, 56, 44, 47, 46, 47, 37, 48, 49, 46, 63, 45, 51, 59, 49, 37, 50, 37, 0]",74,18,99,62,74,67,56,94,2020-03-29,0.23,0.23,0.3,120,29250
15,7080,2020-03-31T08:17:28+02:00,29848,2020-03-31T00:28:28+02:00,1708,14.0,7800,28140,75,"[0, 60, 57, 56, 55, 54, 54, 54, 55, 55, 56, 56, 59, 58, 58, 60, 60, 60, 61, 61, 60, 56, 56, 56, 0, 55, 56, 55, 55, 55, 55, 57, 58, 56, 0, 0, 55, 54, 55, 55, 56, 56, 55, 56, 56, 0, 0, 0, 54, 54, 60, 56, 57, 56, 55, 0, 58, 57, 57, 54, 54, 54, 55, 55, 56, 54, 54, 54, 54, 56, 56, 56, 56, 58, 57, 60, 65, 55, 53, 62, 57, 57, 57, 56, 54, 53, 53, 55, 53, 0, 0, 56, 56, 0]",56.22,53,4222221111111233211112211212212224442222112211334222224442222111122112211224424422442222444444,1,12360,14458,12750,330,0,900,24,41,"[0, 31, 32, 36, 37, 45, 40, 35, 39, 37, 32, 47, 48, 47, 39, 55, 34, 20, 22, 25, 26, 50, 30, 25, 0, 42, 37, 29, 36, 56, 51, 28, 49, 43, 0, 0, 58, 53, 42, 49, 37, 47, 57, 42, 28, 0, 0, 0, 49, 55, 57, 58, 56, 44, 52, 0, 39, 35, 39, 52, 45, 45, 38, 35, 43, 62, 47, 53, 47, 60, 48, 43, 46, 75, 40, 46, 43, 37, 70, 52, 41, 39, 45, 53, 45, 47, 45, 45, 57, 0, 0, 45, 49, 0]",59,69,99,41,60,75,13,60,2020-03-30,-0.11,-0.11,0.18,120,21060
16,7050,2020-04-01T09:37:28+02:00,34648,2020-04-01T00:41:28+02:00,2488,14.125,6750,32160,78,"[61, 61, 61, 60, 60, 60, 61, 0, 63, 62, 63, 62, 63, 62, 62, 67, 64, 60, 60, 60, 61, 61, 60, 60, 61, 61, 61, 60, 59, 56, 58, 58, 58, 58, 59, 59, 59, 63, 61, 60, 57, 59, 58, 58, 58, 58, 59, 59, 59, 59, 59, 57, 56, 57, 55, 57, 57, 58, 58, 56, 58, 59, 59, 58, 57, 57, 58, 57, 0, 0, 57, 56, 56, 57, 57, 57, 58, 58, 59, 59, 57, 58, 62, 66, 59, 60, 58, 58, 56, 58, 55, 59, 59, 57, 57, 57, 56, 58, 59, 60, 60, 61, 0, 59, 59, 0, 0, 0]",59.05,55,421111144422231112222212242242211111233444242221111122222332342222224442222212214224423442422223322111333444,1,15060,18208,15720,180,0,3300,24,46,"[43, 35, 37, 32, 35, 28, 23, 0, 25, 24, 31, 38, 34, 36, 31, 17, 43, 51, 53, 54, 43, 55, 45, 48, 45, 58, 44, 58, 63, 53, 45, 47, 55, 46, 45, 53, 48, 40, 42, 54, 53, 43, 50, 56, 62, 48, 50, 57, 50, 58, 46, 49, 55, 55, 62, 49, 60, 62, 56, 59, 49, 52, 40, 64, 54, 58, 61, 56, 0, 0, 27, 30, 38, 29, 31, 34, 40, 38, 42, 45, 52, 59, 40, 23, 43, 47, 50, 52, 36, 43, 63, 44, 52, 65, 66, 62, 56, 59, 51, 48, 49, 50, 0, 52, 54, 0, 0, 0]",65,38,97,42,67,67,49,77,2020-03-31,-0.12,-0.12,0.04,120,25110
17,4260,2020-04-02T07:28:28+02:00,26908,2020-04-02T01:22:28+02:00,4948,14.0,7680,21960,81,"[58, 58, 57, 56, 56, 57, 57, 57, 58, 58, 58, 63, 58, 57, 57, 58, 59, 59, 59, 58, 58, 57, 56, 55, 56, 55, 55, 55, 56, 56, 56, 56, 55, 57, 57, 57, 57, 57, 57, 57, 58, 58, 57, 57, 57, 57, 57, 58, 52, 52, 55, 56, 57, 57, 58, 58, 57, 55, 0, 71, 0, 58, 58, 58, 61, 58, 57, 59, 60, 61, 60, 60, 59, 58]",57.46,52,42211111221142222222122222221111111122222221111122221111144444224222244244,1,9930,14818,9870,210,0,90,22,43,"[16, 21, 29, 25, 25, 22, 19, 23, 30, 26, 32, 40, 37, 53, 54, 60, 51, 47, 42, 50, 46, 46, 52, 59, 41, 61, 54, 47, 48, 49, 44, 49, 47, 60, 47, 55, 56, 45, 32, 37, 38, 40, 39, 39, 43, 36, 46, 58, 70, 58, 55, 53, 65, 42, 51, 45, 53, 49, 0, 31, 0, 35, 42, 38, 47, 50, 39, 41, 35, 44, 34, 31, 32, 59]",54,66,98,43,74,70,2,47,2020-04-01,-0.39,-0.39,-0.13,120,17700
18,7050,2020-04-03T09:18:28+02:00,33508,2020-04-03T00:00:28+02:00,28,14.375,8010,33480,79,"[0, 65, 64, 63, 62, 61, 60, 60, 60, 60, 60, 61, 60, 62, 64, 64, 63, 64, 63, 64, 64, 65, 64, 61, 61, 61, 61, 62, 62, 61, 61, 61, 60, 62, 63, 64, 0, 0, 59, 59, 58, 58, 58, 58, 57, 57, 57, 57, 58, 57, 58, 60, 61, 59, 57, 58, 57, 57, 57, 57, 56, 56, 57, 58, 58, 59, 59, 57, 59, 59, 60, 58, 58, 57, 59, 58, 59, 59, 60, 59, 58, 59, 58, 58, 57, 56, 57, 57, 58, 56, 57, 59, 60, 0, 60, 60, 60, 60, 62, 60, 60, 59, 59, 56, 58, 58, 59, 63, 66, 59, 60, 0]",59.64,56,4422211111112222433111221112221244444222222111221223444222222111111221222222332222222222222244222222222222344244,1,16980,16588,16560,450,0,1440,22,38,"[0, 38, 20, 17, 16, 17, 16, 19, 17, 19, 19, 38, 28, 26, 43, 36, 27, 71, 66, 50, 33, 35, 40, 28, 34, 26, 32, 51, 48, 56, 45, 42, 41, 49, 45, 46, 0, 0, 26, 28, 42, 37, 31, 37, 35, 35, 69, 35, 36, 36, 43, 41, 37, 44, 35, 33, 53, 36, 39, 47, 49, 55, 47, 49, 50, 48, 49, 45, 30, 22, 49, 46, 43, 46, 44, 40, 50, 43, 35, 52, 39, 36, 45, 42, 41, 46, 40, 41, 56, 51, 48, 58, 57, 0, 32, 45, 34, 38, 40, 43, 44, 41, 46, 56, 58, 53, 41, 37, 48, 41, 44, 0]",67,51,99,42,69,81,21,83,2020-04-02,-0.04,-0.04,-0.11,120,26430
19,8220,2020-04-04T10:08:22+02:00,36502,2020-04-04T00:42:22+02:00,2542,14.0,6960,33960,76,"[61, 59, 58, 58, 58, 58, 58, 59, 59, 64, 0, 59, 59, 60, 61, 66, 62, 61, 61, 60, 60, 61, 60, 59, 59, 61, 60, 59, 58, 58, 58, 58, 58, 58, 58, 58, 57, 54, 54, 55, 57, 56, 57, 58, 58, 59, 59, 58, 58, 57, 57, 57, 55, 55, 56, 57, 57, 56, 62, 57, 59, 62, 75, 0, 55, 56, 55, 58, 54, 55, 55, 55, 57, 56, 57, 57, 59, 59, 59, 59, 57, 57, 55, 56, 56, 56, 56, 56, 57, 59, 67, 65, 64, 60, 60, 0, 57, 57, 57, 57, 57, 57, 59, 60, 60, 59, 59, 58, 60, 57, 60, 60, 0, 0]",58.41,54,422211111444224442212222144421111111122122222111111122222234244442244222422242222222331223333344222223443322334444,1,16050,19192,16650,330,0,2730,21,37,"[27, 32, 22, 27, 22, 27, 19, 19, 18, 48, 0, 24, 24, 18, 30, 22, 27, 22, 18, 19, 18, 32, 48, 48, 47, 42, 38, 33, 27, 33, 35, 32, 34, 35, 34, 33, 45, 62, 43, 49, 49, 62, 39, 39, 25, 28, 28, 29, 38, 36, 32, 39, 57, 63, 51, 46, 45, 42, 30, 47, 38, 48, 39, 0, 55, 44, 51, 55, 38, 43, 52, 42, 62, 50, 57, 61, 55, 39, 34, 36, 39, 47, 55, 59, 50, 44, 70, 57, 57, 49, 24, 28, 51, 48, 48, 0, 46, 40, 49, 37, 56, 68, 45, 36, 37, 30, 52, 44, 48, 53, 39, 35, 0, 0]",64,30,98,36,62,75,41,80,2020-04-03,-0.19,-0.19,-0.09,120,25740
20,5220,2020-04-05T09:55:30+02:00,35730,2020-04-05T01:24:30+02:00,5070,14.25,7710,30660,83,"[0, 58, 59, 58, 56, 56, 56, 56, 57, 58, 58, 59, 61, 61, 62, 59, 59, 60, 60, 58, 57, 57, 57, 57, 58, 56, 56, 57, 0, 0, 0, 57, 57, 64, 57, 58, 56, 59, 58, 56, 56, 57, 57, 57, 58, 58, 58, 57, 54, 55, 56, 55, 55, 0, 0, 56, 57, 58, 57, 57, 57, 61, 57, 56, 58, 55, 55, 55, 55, 56, 56, 56, 57, 57, 57, 58, 58, 61, 61, 60, 62, 59, 60, 59, 58, 58, 59, 59, 59, 58, 58, 59, 59, 58, 59, 62, 67, 60, 61, 61, 61, 61, 0]",58.01,54,4211211111221222211221112222331222222222222211122111444244422222322222211113343323322233112333334224444,1,13290,19500,14430,270,0,4440,31,43,"[0, 28, 26, 23, 42, 33, 33, 22, 25, 25, 40, 23, 30, 41, 36, 41, 49, 38, 41, 44, 33, 38, 39, 40, 43, 52, 51, 30, 0, 0, 0, 29, 49, 40, 50, 45, 51, 45, 41, 44, 54, 49, 46, 52, 44, 52, 46, 58, 49, 49, 49, 49, 73, 0, 0, 38, 40, 65, 45, 55, 43, 39, 62, 48, 42, 56, 62, 52, 46, 48, 54, 60, 60, 65, 62, 52, 52, 59, 39, 34, 33, 49, 36, 54, 47, 58, 45, 44, 45, 56, 49, 49, 44, 70, 56, 54, 34, 42, 43, 38, 51, 30, 0]",71,27,99,63,79,72,66,78,2020-04-04,-0.11,-0.11,-0.05,120,25440
21,4020,2020-04-06T09:39:30+02:00,34770,2020-04-06T00:47:30+02:00,2850,14.625,8280,31920,87,"[0, 0, 0, 61, 61, 60, 59, 59, 59, 59, 59, 59, 61, 60, 60, 62, 61, 61, 60, 61, 63, 63, 63, 63, 62, 62, 60, 60, 59, 0, 0, 55, 0, 0, 58, 58, 59, 56, 58, 57, 57, 57, 58, 58, 58, 59, 58, 58, 58, 57, 57, 58, 58, 56, 55, 58, 58, 59, 57, 61, 0, 0, 56, 56, 56, 56, 56, 57, 57, 58, 58, 58, 58, 59, 58, 60, 58, 59, 60, 60, 60, 60, 61, 59, 58, 58, 0, 0, 59, 59, 59, 56, 56, 55, 56, 56, 56, 57, 57, 58, 59, 56, 57, 61, 59, 59, 0]",58.57,55,44422221121112222222213111111133332222222211122122211242222444222222111111122222423223332222222231112222244,1,16080,18750,15900,870,0,3540,27,38,"[0, 0, 0, 21, 17, 21, 18, 18, 17, 15, 19, 25, 41, 37, 38, 23, 19, 28, 23, 27, 31, 36, 42, 47, 36, 46, 32, 44, 39, 0, 0, 46, 0, 0, 60, 46, 39, 53, 53, 44, 47, 23, 22, 20, 21, 50, 35, 33, 57, 52, 57, 53, 47, 34, 51, 36, 48, 44, 49, 54, 0, 0, 47, 45, 43, 40, 47, 44, 37, 31, 37, 40, 35, 35, 42, 45, 38, 40, 38, 46, 40, 29, 28, 36, 47, 38, 0, 0, 53, 40, 40, 52, 59, 39, 54, 45, 50, 45, 43, 56, 41, 52, 46, 42, 51, 37, 0]",80,33,99,79,88,99,53,89,2020-04-05,0.04,0.04,0.0,120,27900
22,7050,2020-04-07T10:04:30+02:00,36270,2020-04-07T01:41:30+02:00,6090,14.25,7230,30180,77,"[0, 61, 61, 61, 61, 61, 61, 61, 61, 60, 61, 59, 58, 58, 59, 59, 60, 62, 62, 61, 61, 60, 63, 65, 66, 59, 58, 58, 0, 58, 0, 0, 58, 58, 58, 62, 63, 59, 0, 0, 57, 58, 57, 57, 58, 57, 58, 58, 57, 58, 58, 59, 58, 56, 55, 58, 60, 56, 60, 60, 59, 59, 59, 58, 57, 57, 58, 58, 58, 56, 58, 56, 59, 56, 56, 57, 57, 55, 58, 57, 56, 57, 57, 60, 62, 61, 0, 0, 0, 0, 0, 0, 0, 0, 58, 61, 62, 63, 61, 67, 0]",59.08,55,44221111111221111242222214243333442222442222111122211132224212212211114444222222224233333333344224444,1,11670,20340,14250,480,0,4230,23,36,"[0, 22, 19, 19, 18, 16, 17, 16, 16, 18, 36, 37, 37, 44, 38, 37, 39, 52, 46, 30, 40, 54, 42, 39, 41, 46, 37, 42, 0, 43, 0, 0, 50, 44, 40, 31, 39, 34, 0, 0, 44, 33, 44, 37, 33, 35, 35, 34, 36, 27, 30, 41, 40, 48, 49, 51, 51, 50, 31, 30, 31, 38, 24, 38, 42, 37, 38, 37, 47, 59, 50, 45, 35, 41, 49, 55, 50, 53, 52, 51, 54, 61, 55, 34, 38, 37, 0, 0, 0, 0, 0, 0, 0, 0, 40, 45, 39, 46, 51, 46, 0]",65,23,98,50,65,81,64,69,2020-04-06,-0.15,-0.15,0.0,120,23130
23,3960,2020-04-08T09:39:30+02:00,34770,2020-04-08T00:50:30+02:00,3030,14.25,5730,31740,88,"[0, 61, 61, 61, 61, 61, 61, 61, 60, 59, 59, 59, 62, 63, 62, 62, 63, 62, 63, 63, 64, 64, 63, 63, 62, 61, 60, 60, 59, 59, 0, 58, 59, 61, 59, 57, 57, 57, 57, 57, 57, 58, 56, 56, 57, 57, 57, 57, 58, 59, 58, 59, 59, 60, 59, 60, 59, 58, 59, 61, 60, 59, 59, 60, 59, 60, 0, 58, 58, 0, 59, 58, 58, 58, 59, 58, 60, 63, 56, 60, 58, 58, 59, 62, 55, 55, 56, 57, 0, 58, 58, 0, 59, 59, 59, 0, 54, 57, 60, 59, 59, 61, 61, 60, 60, 61]",59.31,54,4221111111122222222211122242244222222111142222222222442222222222142222222422223222242233333333332312233224,1,17340,18840,15810,150,0,4710,28,37,"[0, 19, 20, 16, 16, 16, 18, 18, 53, 24, 42, 31, 31, 31, 37, 31, 33, 40, 38, 22, 23, 26, 21, 25, 17, 22, 19, 39, 32, 30, 0, 26, 41, 32, 44, 48, 38, 39, 35, 36, 27, 63, 52, 33, 28, 27, 42, 50, 46, 36, 36, 38, 38, 40, 34, 36, 33, 35, 46, 42, 45, 37, 42, 35, 39, 42, 0, 35, 29, 0, 33, 33, 47, 32, 42, 47, 45, 44, 36, 42, 51, 38, 34, 39, 53, 64, 46, 53, 0, 48, 54, 0, 43, 54, 46, 0, 57, 58, 48, 57, 49, 52, 35, 33, 41, 52]",76,32,96,64,90,67,71,88,2020-04-07,-0.02,-0.02,0.0,120,27780
24,5970,2020-04-09T09:07:00+02:00,32820,2020-04-09T01:30:00+02:00,5400,14.0,6660,27420,78,"[0, 58, 58, 58, 58, 57, 57, 57, 57, 56, 55, 56, 57, 57, 58, 58, 61, 61, 61, 62, 0, 0, 59, 60, 60, 60, 59, 60, 60, 59, 58, 59, 60, 59, 58, 57, 58, 59, 61, 60, 62, 60, 61, 0, 60, 59, 59, 59, 58, 58, 57, 58, 58, 56, 56, 58, 58, 59, 60, 60, 59, 64, 61, 63, 59, 58, 59, 58, 59, 58, 58, 58, 57, 56, 57, 58, 59, 59, 60, 61, 60, 58, 59, 59, 57, 62, 60, 61, 61, 60, 61, 60]",58.9,55,42111111221111211224422222211222222211344444222122214222222133332222422442111333322444222244,1,12510,18450,13050,300,0,2280,17,34,"[0, 47, 31, 28, 24, 30, 28, 27, 41, 42, 55, 45, 40, 27, 28, 20, 24, 28, 27, 31, 0, 0, 22, 18, 19, 19, 25, 22, 21, 32, 37, 28, 35, 41, 32, 37, 32, 24, 24, 34, 46, 35, 38, 0, 26, 30, 30, 30, 42, 26, 36, 39, 24, 29, 40, 33, 31, 30, 38, 42, 46, 31, 45, 38, 55, 38, 39, 41, 34, 30, 43, 37, 41, 40, 38, 37, 41, 43, 45, 48, 51, 46, 51, 53, 49, 52, 44, 38, 43, 36, 36, 25]",58,35,97,42,67,72,33,62,2020-04-08,-0.18,-0.18,-0.04,120,21450
25,5970,2020-04-10T10:04:00+02:00,36240,2020-04-10T01:10:00+02:00,4200,14.375,6270,32040,81,"[0, 60, 60, 61, 58, 59, 59, 59, 59, 59, 59, 59, 59, 60, 61, 62, 62, 61, 62, 60, 60, 61, 61, 62, 0, 59, 59, 60, 61, 63, 64, 63, 62, 62, 62, 64, 0, 0, 61, 62, 61, 61, 61, 60, 59, 0, 0, 0, 60, 61, 62, 61, 57, 61, 60, 61, 62, 59, 59, 59, 59, 60, 59, 56, 58, 59, 60, 60, 60, 59, 59, 59, 64, 62, 61, 59, 60, 59, 56, 59, 58, 57, 57, 59, 59, 59, 58, 62, 60, 0, 62, 62, 64, 69, 61, 61, 62, 0, 0, 60, 61, 59, 60, 60, 63, 62, 60]",60.33,56,42122111111111124222222122212233244442222422213322222222222212222211122332222222222222234422442213222223344,1,17340,19680,15480,270,0,2460,30,29,"[0, 23, 23, 26, 26, 21, 19, 19, 22, 18, 18, 25, 18, 21, 18, 17, 33, 17, 18, 20, 17, 24, 15, 23, 0, 36, 30, 25, 34, 21, 26, 46, 54, 39, 31, 25, 0, 0, 23, 26, 22, 32, 25, 21, 34, 0, 0, 0, 26, 26, 29, 36, 34, 29, 30, 24, 39, 37, 39, 30, 36, 36, 32, 38, 40, 36, 34, 40, 28, 33, 40, 27, 24, 28, 24, 35, 35, 35, 33, 34, 41, 42, 40, 35, 38, 41, 42, 37, 45, 0, 25, 23, 23, 53, 39, 32, 44, 0, 0, 35, 37, 39, 27, 38, 39, 38, 29]",66,25,97,50,74,72,36,81,2020-04-09,-0.02,-0.02,-0.02,120,26070
26,6420,2020-04-11T10:36:00+02:00,38160,2020-04-11T01:20:00+02:00,4800,14.375,7440,33360,81,"[0, 0, 0, 59, 57, 58, 59, 58, 59, 59, 59, 61, 60, 60, 59, 58, 58, 58, 59, 59, 60, 56, 56, 57, 58, 57, 57, 59, 62, 60, 61, 61, 56, 55, 54, 55, 56, 57, 57, 57, 54, 54, 55, 55, 55, 54, 54, 55, 57, 59, 56, 62, 65, 0, 58, 57, 57, 56, 56, 55, 57, 57, 58, 58, 59, 59, 59, 59, 59, 59, 59, 58, 55, 56, 58, 58, 57, 56, 57, 57, 58, 58, 58, 59, 60, 60, 58, 58, 60, 60, 59, 56, 56, 55, 0, 59, 58, 59, 59, 60, 60, 60, 58, 59, 59, 59, 59, 59, 59, 57, 59, 0]",57.91,54,4422221121112222211122111141122222111112222222112234442222222211112224432244222233331223332223423333333223334444,1,14100,21210,16410,720,0,5400,26,31,"[0, 0, 0, 23, 34, 25, 18, 17, 18, 19, 19, 22, 22, 21, 32, 25, 22, 22, 22, 20, 35, 35, 29, 31, 28, 30, 47, 26, 30, 38, 27, 30, 47, 33, 35, 25, 31, 23, 26, 45, 49, 34, 27, 28, 39, 40, 36, 26, 53, 28, 30, 30, 32, 0, 30, 31, 30, 30, 39, 35, 32, 26, 27, 24, 27, 32, 36, 28, 38, 32, 34, 30, 40, 32, 36, 48, 39, 42, 39, 30, 32, 27, 32, 29, 28, 32, 32, 37, 30, 29, 40, 39, 40, 46, 0, 39, 36, 36, 39, 33, 36, 42, 39, 41, 44, 45, 44, 36, 46, 46, 42, 0]",73,20,98,43,74,91,81,85,2020-04-10,-0.02,-0.02,0.0,120,26940
27,6570,2020-04-16T09:42:59+02:00,34979,2020-04-16T00:50:59+02:00,3059,14.25,6840,31920,79,"[62, 63, 62, 62, 62, 63, 63, 64, 64, 64, 66, 66, 64, 64, 64, 65, 61, 60, 60, 61, 60, 61, 60, 61, 62, 63, 62, 62, 61, 65, 70, 65, 64, 63, 62, 60, 60, 59, 62, 0, 60, 61, 63, 62, 63, 62, 61, 61, 61, 61, 62, 60, 61, 60, 59, 60, 60, 60, 59, 60, 60, 60, 58, 58, 56, 57, 57, 0, 0, 0, 61, 67, 0, 62, 63, 60, 0, 59, 59, 59, 59, 59, 59, 59, 59, 59, 57, 56, 59, 60, 63, 60, 58, 61, 61, 60, 60, 59, 59, 59, 59, 58, 58, 59, 61, 0, 0]",60.96,56,22111111111222212111122211122444222444444222222122244222212111222333333442244222222222222222222332222122444,1,16410,18689,15630,120,0,2100,23,34,"[22, 19, 24, 18, 17, 16, 26, 21, 21, 15, 15, 16, 19, 21, 24, 22, 22, 18, 20, 19, 21, 35, 27, 31, 34, 35, 26, 26, 45, 22, 26, 24, 24, 28, 34, 34, 36, 27, 34, 0, 29, 24, 32, 40, 38, 40, 51, 38, 49, 47, 34, 29, 22, 40, 29, 39, 36, 42, 41, 45, 43, 43, 38, 45, 47, 50, 44, 0, 0, 0, 49, 25, 0, 27, 29, 48, 0, 25, 32, 38, 43, 37, 36, 34, 35, 39, 37, 39, 40, 42, 28, 42, 46, 43, 50, 35, 47, 49, 42, 51, 43, 45, 57, 57, 40, 0, 0]",64,34,98,46,72,64,31,78,2020-04-15,-0.17,-0.17,-0.02,120,25350
28,5130,2020-04-17T09:12:31+02:00,33151,2020-04-17T00:41:31+02:00,2491,14.875,7110,30660,83,"[0, 65, 65, 65, 62, 62, 62, 61, 61, 62, 61, 61, 63, 60, 60, 61, 60, 61, 62, 62, 62, 61, 61, 60, 60, 61, 60, 61, 0, 62, 67, 62, 62, 62, 61, 60, 59, 55, 55, 0, 0, 0, 56, 57, 0, 0, 0, 55, 56, 58, 59, 60, 56, 57, 61, 62, 0, 0, 57, 57, 57, 57, 57, 58, 58, 58, 0, 0, 0, 58, 58, 58, 61, 56, 55, 55, 57, 56, 54, 55, 56, 58, 60, 62, 59, 58, 57, 59, 60, 61, 57, 57, 56, 56, 56, 0, 59, 59, 64, 59, 58, 60, 0]",59.28,54,4222222111121221111111111111131244222211112233222244222444222223333332222322322222342222213333344222244,1,13710,17341,14850,390,0,4710,24,31,"[0, 21, 22, 23, 20, 21, 19, 26, 19, 18, 29, 18, 18, 23, 22, 29, 27, 22, 20, 14, 19, 18, 23, 27, 29, 33, 26, 33, 0, 58, 39, 24, 25, 24, 20, 23, 34, 27, 36, 0, 0, 0, 29, 42, 0, 0, 0, 31, 30, 37, 20, 20, 32, 28, 36, 37, 0, 0, 33, 30, 32, 35, 29, 28, 33, 30, 0, 0, 0, 31, 25, 42, 35, 42, 44, 45, 32, 37, 47, 35, 35, 42, 25, 28, 31, 39, 52, 35, 33, 28, 41, 45, 42, 51, 36, 0, 34, 37, 29, 41, 45, 37, 0]",71,45,98,42,79,78,71,79,2020-04-16,-0.05,-0.05,-0.04,120,25530
29,4740,2020-04-18T11:05:31+02:00,39931,2020-04-18T02:06:31+02:00,7591,14.375,7650,32340,85,"[0, 61, 58, 59, 58, 57, 57, 58, 59, 59, 59, 60, 62, 60, 61, 60, 59, 59, 59, 59, 59, 59, 60, 59, 59, 59, 59, 57, 56, 58, 58, 58, 58, 59, 58, 58, 59, 59, 58, 57, 56, 55, 55, 56, 56, 55, 56, 58, 62, 59, 59, 60, 59, 58, 62, 61, 60, 59, 57, 56, 57, 58, 59, 0, 58, 0, 60, 60, 58, 0, 60, 62, 62, 62, 62, 60, 59, 58, 57, 59, 57, 57, 59, 60, 0, 61, 60, 64, 64, 67, 62, 61, 59, 59, 58, 58, 59, 59, 59, 60, 60, 56, 59, 61, 60, 61, 59, 60]",59.03,55,442221111111222111211122112222222221222222211423222222212222211111223433322222222234422444222222211422224234,1,17760,23311,15720,510,0,2190,29,31,"[0, 25, 24, 25, 25, 23, 28, 19, 17, 20, 16, 14, 21, 27, 36, 34, 40, 43, 31, 25, 20, 24, 30, 19, 18, 36, 33, 44, 37, 29, 45, 55, 28, 29, 27, 35, 36, 44, 70, 36, 49, 25, 28, 32, 28, 57, 51, 28, 36, 33, 29, 27, 41, 33, 36, 49, 46, 35, 43, 43, 45, 35, 34, 0, 42, 0, 46, 28, 42, 0, 43, 39, 35, 30, 25, 36, 29, 39, 37, 41, 40, 34, 46, 31, 0, 30, 24, 33, 39, 25, 23, 42, 34, 33, 33, 31, 32, 34, 33, 45, 45, 40, 39, 39, 36, 33, 42, 33]",71,14,98,65,83,83,32,87,2020-04-17,-0.06,-0.06,-0.03,120,27600
30,4860,2020-04-19T10:43:27+02:00,38607,2020-04-19T02:37:27+02:00,9447,14.125,8130,29160,83,"[61, 0, 0, 57, 57, 57, 56, 57, 58, 58, 58, 59, 58, 58, 59, 61, 62, 60, 60, 60, 61, 62, 63, 62, 62, 61, 60, 56, 54, 55, 55, 55, 56, 61, 61, 59, 64, 56, 54, 56, 57, 57, 58, 58, 58, 59, 59, 59, 58, 56, 56, 57, 58, 56, 57, 62, 57, 56, 57, 57, 58, 58, 58, 58, 57, 56, 56, 57, 57, 57, 56, 57, 59, 60, 56, 55, 56, 57, 57, 57, 58, 58, 59, 59, 59, 60, 56, 56, 59, 58, 59, 57, 60, 59, 59, 59, 59, 0]",58.07,54,24422222111442112222111113422222232222222211111144211221222222114211134424221222223111233333344244,1,13650,23727,14280,1020,0,2520,20,36,"[29, 0, 0, 29, 37, 49, 55, 52, 24, 26, 22, 24, 42, 34, 27, 36, 48, 24, 26, 23, 27, 32, 37, 34, 31, 31, 29, 36, 28, 27, 37, 31, 42, 40, 31, 38, 29, 45, 45, 34, 39, 32, 25, 21, 23, 29, 31, 26, 40, 40, 38, 36, 35, 54, 28, 29, 38, 49, 45, 49, 41, 38, 45, 44, 37, 35, 40, 36, 34, 53, 51, 39, 32, 45, 42, 38, 45, 58, 59, 45, 43, 35, 36, 34, 40, 40, 47, 40, 42, 36, 37, 33, 34, 43, 33, 36, 30, 0]",65,13,99,44,79,94,37,74,2020-04-18,0.04,0.04,0.02,120,24300
31,6210,2020-04-20T09:42:30+02:00,34950,2020-04-20T01:31:30+02:00,5490,14.0,5370,29460,79,"[0, 61, 61, 61, 61, 61, 61, 61, 60, 63, 61, 61, 61, 62, 63, 66, 62, 61, 60, 61, 61, 61, 61, 61, 61, 0, 0, 0, 0, 58, 58, 0, 58, 61, 64, 0, 59, 59, 59, 58, 58, 58, 58, 56, 56, 57, 57, 57, 57, 56, 58, 58, 58, 60, 59, 57, 57, 55, 55, 56, 56, 58, 58, 56, 54, 54, 55, 56, 56, 55, 57, 59, 63, 60, 59, 59, 60, 59, 58, 58, 57, 58, 54, 56, 56, 59, 58, 59, 60, 64, 63, 59, 58, 60, 61, 61, 59, 59, 0]",58.91,54,421111111421112222221221444444222244222211221111244222222222222222211223442222222222222333332222244,1,16470,20580,15090,390,0,1410,24,33,"[0, 17, 17, 17, 18, 16, 19, 16, 18, 40, 32, 21, 30, 30, 29, 24, 33, 42, 49, 29, 29, 30, 29, 25, 33, 0, 0, 0, 0, 38, 34, 0, 39, 36, 40, 0, 23, 20, 29, 24, 27, 29, 41, 24, 31, 35, 31, 33, 38, 46, 42, 45, 53, 46, 40, 38, 56, 46, 43, 43, 48, 48, 32, 34, 42, 33, 37, 41, 39, 57, 39, 32, 32, 60, 30, 36, 35, 31, 35, 38, 31, 51, 39, 50, 33, 45, 54, 45, 47, 32, 41, 44, 47, 42, 35, 31, 33, 32, 0]",63,22,96,65,69,78,21,70,2020-04-19,-0.11,-0.11,0.0,120,23250
32,3120,2020-04-21T10:13:30+02:00,36810,2020-04-21T04:10:30+02:00,15030,14.5,7770,21780,86,"[0, 59, 59, 59, 60, 61, 62, 62, 63, 64, 69, 67, 61, 60, 60, 61, 61, 61, 61, 62, 63, 64, 0, 61, 60, 59, 60, 60, 62, 59, 60, 59, 60, 59, 58, 57, 57, 57, 57, 58, 58, 59, 58, 59, 63, 62, 59, 60, 59, 57, 56, 59, 60, 61, 62, 63, 63, 63, 62, 62, 62, 63, 63, 63, 62, 62, 64, 61, 61, 64, 67, 62, 62]",60.89,56,4221111131112223111131333112422221221121111221222222221112222321244224444,1,8970,25140,10110,330,0,1920,23,38,"[0, 19, 29, 18, 28, 33, 31, 39, 35, 32, 16, 20, 38, 29, 31, 34, 35, 36, 37, 45, 44, 48, 0, 50, 34, 25, 41, 32, 43, 58, 53, 47, 45, 47, 53, 45, 39, 35, 45, 45, 41, 46, 53, 50, 41, 42, 55, 44, 39, 56, 48, 47, 30, 35, 36, 38, 47, 48, 52, 32, 40, 36, 38, 42, 49, 48, 52, 35, 36, 34, 48, 26, 31]",58,9,99,70,86,75,28,50,2020-04-20,0.09,0.09,0.04,120,18660
33,4230,2020-04-22T09:41:30+02:00,34890,2020-04-22T01:28:30+02:00,5310,14.25,6300,29580,86,"[0, 66, 65, 65, 65, 65, 65, 65, 65, 65, 65, 63, 63, 64, 64, 69, 68, 66, 63, 64, 65, 65, 64, 65, 65, 62, 61, 61, 61, 62, 61, 61, 60, 61, 63, 62, 61, 63, 64, 62, 63, 62, 60, 60, 0, 58, 58, 59, 59, 59, 59, 59, 59, 60, 62, 71, 68, 64, 0, 0, 0, 58, 57, 57, 57, 57, 57, 58, 58, 0, 0, 0, 58, 59, 64, 61, 60, 58, 59, 60, 61, 62, 59, 61, 59, 59, 59, 58, 59, 59, 60, 62, 63, 63, 63, 61, 62, 60, 62]",61.69,57,422211111222222214211111422221112222222212244222221223331444222222233334222222222222222211311332444,1,16020,19770,14460,180,0,3030,23,46,"[0, 25, 24, 29, 26, 23, 23, 27, 21, 31, 53, 56, 42, 30, 33, 26, 41, 37, 48, 34, 32, 36, 36, 25, 33, 59, 48, 48, 39, 36, 40, 42, 54, 62, 43, 37, 51, 42, 50, 48, 40, 44, 54, 62, 0, 48, 48, 49, 55, 55, 48, 62, 63, 76, 46, 23, 26, 43, 0, 0, 0, 28, 44, 48, 49, 53, 58, 71, 66, 0, 0, 0, 62, 54, 36, 48, 66, 56, 53, 58, 62, 52, 53, 54, 65, 60, 62, 52, 48, 43, 65, 49, 48, 46, 56, 51, 62, 52, 49]",70,25,97,68,86,67,45,78,2020-04-21,0.01,0.01,0.06,120,25350
34,7290,2020-04-23T10:14:38+02:00,36878,2020-04-23T01:16:38+02:00,4598,14.125,8070,32280,77,"[64, 62, 61, 61, 61, 60, 62, 62, 63, 65, 64, 64, 64, 61, 63, 65, 65, 66, 67, 66, 67, 67, 58, 58, 58, 59, 60, 59, 60, 59, 63, 62, 61, 60, 60, 60, 58, 58, 58, 58, 58, 59, 59, 58, 57, 57, 56, 56, 53, 53, 56, 60, 65, 0, 0, 0, 0, 56, 56, 56, 56, 56, 57, 57, 57, 57, 56, 56, 57, 61, 58, 62, 57, 58, 58, 58, 57, 55, 56, 56, 55, 58, 59, 58, 57, 60, 58, 57, 60, 57, 55, 56, 57, 57, 57, 57, 55, 56, 57, 57, 59, 0, 57, 0, 57, 58, 0, 0]",59.03,53,422222222211224221111122211112344222221111112211222344444222221122221244222222442242242333221112211144444244,1,15480,19598,15000,240,0,1440,23,49,"[33, 28, 43, 40, 40, 43, 55, 61, 51, 41, 53, 44, 46, 45, 44, 41, 43, 34, 32, 32, 35, 37, 47, 58, 56, 53, 46, 49, 56, 54, 43, 42, 54, 52, 56, 39, 57, 55, 67, 51, 59, 60, 57, 62, 62, 38, 44, 40, 45, 57, 61, 49, 36, 0, 0, 0, 0, 37, 37, 41, 38, 42, 42, 46, 53, 45, 50, 61, 51, 43, 37, 42, 51, 48, 35, 47, 51, 48, 53, 58, 65, 68, 53, 51, 48, 52, 52, 46, 43, 58, 57, 60, 57, 58, 60, 53, 54, 55, 59, 57, 55, 0, 44, 0, 34, 33, 0, 0]",61,26,99,39,67,70,21,77,2020-04-22,-0.5,-0.5,-0.13,120,24990
35,5850,2020-04-24T11:25:00+02:00,41100,2020-04-24T02:22:00+02:00,8520,14.125,9480,32580,82,"[64, 64, 63, 63, 63, 63, 63, 63, 64, 69, 65, 64, 64, 64, 63, 63, 63, 60, 61, 62, 61, 60, 59, 55, 55, 55, 55, 55, 55, 56, 62, 60, 60, 57, 60, 59, 58, 58, 58, 58, 59, 60, 59, 56, 57, 56, 56, 57, 58, 61, 60, 58, 57, 58, 55, 55, 55, 56, 57, 58, 58, 59, 58, 57, 54, 58, 60, 0, 57, 58, 56, 58, 56, 57, 58, 56, 56, 57, 58, 58, 58, 59, 61, 60, 60, 60, 64, 66, 62, 60, 61, 62, 59, 58, 60, 58, 57, 58, 58, 59, 60, 60, 60, 63, 65, 0, 59, 59, 0]",59.31,54,4231111211422221442222222111111342211211111422242322244221111211221422222222222111111334433322322322222144244,1,14130,24390,15870,180,0,3120,23,53,"[40, 36, 52, 48, 47, 49, 41, 32, 35, 28, 36, 40, 46, 41, 45, 41, 51, 45, 40, 42, 55, 66, 57, 59, 63, 58, 62, 67, 62, 59, 42, 56, 35, 51, 58, 58, 68, 58, 59, 56, 56, 57, 61, 59, 61, 51, 69, 54, 41, 46, 42, 52, 37, 36, 49, 53, 58, 58, 56, 58, 61, 59, 68, 59, 65, 62, 58, 0, 50, 51, 60, 55, 50, 60, 51, 54, 61, 55, 61, 57, 57, 55, 47, 52, 65, 61, 35, 38, 47, 62, 50, 56, 63, 71, 53, 58, 72, 58, 63, 52, 49, 49, 46, 47, 44, 0, 44, 48, 0]",70,11,100,69,76,67,46,84,2020-04-23,-0.18,-0.18,-0.23,120,26730
36,6600,2020-04-25T10:49:10+02:00,38950,2020-04-25T01:23:10+02:00,4990,14.375,6660,33960,81,"[0, 62, 62, 61, 61, 60, 60, 59, 59, 59, 59, 59, 59, 58, 61, 62, 63, 64, 62, 62, 62, 62, 60, 58, 58, 60, 62, 59, 58, 58, 59, 60, 60, 60, 59, 60, 62, 67, 61, 58, 59, 60, 59, 60, 58, 58, 57, 57, 58, 56, 56, 57, 57, 57, 57, 57, 57, 57, 56, 58, 57, 62, 0, 0, 56, 56, 56, 56, 56, 56, 56, 56, 56, 56, 55, 56, 59, 67, 60, 63, 65, 59, 57, 59, 57, 57, 58, 58, 58, 58, 57, 56, 59, 58, 58, 61, 59, 57, 59, 59, 59, 59, 56, 56, 57, 58, 58, 59, 59, 58, 60, 60, 59, 65]",58.89,55,422221211111111222222112112422221144432222212222222211221112224442222222212233333344222222222232222334222222144444,1,18300,21430,16440,330,0,2400,27,57,"[0, 32, 40, 43, 47, 42, 57, 43, 44, 51, 47, 58, 55, 51, 48, 48, 36, 44, 50, 54, 61, 58, 60, 60, 53, 59, 70, 53, 57, 59, 67, 69, 75, 80, 72, 49, 48, 29, 38, 54, 58, 48, 45, 54, 47, 52, 53, 61, 71, 65, 58, 64, 60, 65, 68, 79, 79, 76, 91, 57, 44, 49, 0, 0, 31, 30, 48, 43, 41, 43, 60, 59, 57, 63, 73, 66, 64, 29, 52, 41, 40, 61, 80, 49, 52, 62, 66, 53, 60, 64, 59, 49, 56, 59, 53, 67, 70, 57, 54, 50, 52, 48, 59, 58, 63, 61, 58, 54, 61, 67, 63, 52, 60, 58]",70,20,97,65,74,75,35,86,2020-04-24,0.01,0.01,-0.14,120,27360
37,5460,2020-04-26T12:18:00+02:00,44280,2020-04-26T02:52:00+02:00,10320,14.375,6570,33960,84,"[62, 60, 60, 61, 59, 58, 59, 59, 59, 61, 61, 60, 60, 60, 60, 60, 65, 64, 56, 57, 58, 58, 58, 59, 62, 62, 62, 58, 57, 58, 59, 59, 57, 58, 58, 60, 58, 60, 0, 0, 57, 58, 57, 57, 56, 56, 57, 57, 57, 56, 57, 57, 56, 58, 57, 58, 58, 60, 63, 61, 61, 58, 58, 57, 57, 56, 56, 56, 56, 57, 57, 57, 57, 0, 59, 60, 61, 61, 60, 59, 60, 59, 57, 57, 57, 55, 54, 55, 56, 56, 60, 60, 61, 60, 57, 56, 58, 57, 57, 57, 57, 58, 0, 0, 0, 0, 56, 57, 57, 56, 54, 58, 58, 0]",58.28,54,422222222222221111222221111122122222224422222222111221124433224221211221144223222222222311244322222222333322222344,1,19170,26910,16590,690,0,2760,30,65,"[45, 30, 45, 61, 88, 79, 81, 88, 81, 77, 86, 86, 89, 77, 84, 79, 37, 48, 58, 62, 66, 61, 70, 56, 72, 71, 71, 92, 73, 63, 78, 84, 89, 81, 84, 59, 59, 47, 0, 0, 39, 48, 59, 57, 58, 51, 59, 62, 57, 85, 78, 84, 90, 89, 68, 58, 46, 49, 46, 38, 52, 43, 50, 56, 61, 54, 43, 41, 47, 59, 53, 56, 56, 0, 64, 63, 51, 52, 53, 40, 47, 68, 69, 75, 81, 59, 47, 55, 52, 74, 58, 59, 59, 60, 68, 46, 62, 55, 72, 68, 70, 59, 0, 0, 0, 0, 76, 66, 72, 61, 76, 71, 43, 0]",73,4,97,66,81,91,41,91,2020-04-25,-0.14,-0.14,-0.06,120,28500
38,5430,2020-04-27T09:19:00+02:00,33540,2020-04-27T01:16:00+02:00,4560,14.25,6090,28980,81,"[59, 59, 59, 59, 59, 59, 59, 60, 60, 58, 58, 59, 61, 65, 64, 63, 63, 61, 60, 60, 60, 59, 60, 60, 60, 60, 56, 56, 58, 57, 58, 58, 58, 0, 57, 62, 0, 58, 58, 57, 57, 57, 57, 57, 56, 57, 57, 57, 57, 58, 57, 57, 58, 58, 59, 60, 60, 58, 0, 59, 58, 59, 60, 58, 55, 56, 55, 55, 55, 56, 0, 0, 0, 55, 57, 60, 60, 60, 61, 57, 58, 57, 57, 56, 55, 55, 56, 57, 55, 56, 60, 60, 56, 57, 58, 57, 0]",58.22,55,2211111112221222222221222222221114421422222222122122221244422222222211124442222422222222223322444,1,17010,18090,13530,30,0,450,26,60,"[34, 49, 43, 49, 51, 58, 51, 67, 74, 49, 50, 50, 59, 32, 43, 58, 55, 66, 66, 68, 69, 71, 79, 76, 75, 70, 62, 79, 58, 55, 73, 75, 80, 0, 59, 52, 0, 34, 36, 50, 45, 44, 62, 69, 63, 64, 61, 57, 50, 54, 72, 75, 67, 81, 61, 36, 49, 49, 0, 45, 58, 60, 73, 63, 49, 72, 57, 60, 59, 70, 0, 0, 0, 65, 59, 53, 48, 43, 75, 40, 52, 44, 41, 56, 61, 55, 43, 54, 78, 49, 44, 52, 58, 40, 46, 38, 0]",63,38,97,68,74,62,7,71,2020-04-26,-0.09,-0.09,-0.06,120,23550
39,4950,2020-04-28T09:41:00+02:00,34860,2020-04-28T01:05:00+02:00,3900,14.25,8190,30960,84,"[0, 59, 59, 58, 59, 59, 59, 60, 60, 60, 63, 65, 63, 63, 63, 62, 61, 61, 62, 59, 59, 59, 59, 60, 60, 60, 0, 59, 58, 61, 59, 60, 0, 58, 58, 57, 57, 56, 56, 55, 56, 0, 0, 55, 53, 53, 54, 54, 54, 55, 58, 57, 60, 63, 59, 0, 57, 56, 56, 56, 56, 56, 56, 56, 56, 56, 56, 55, 55, 54, 54, 54, 55, 61, 62, 65, 0, 57, 58, 58, 58, 58, 58, 58, 58, 56, 54, 56, 58, 54, 59, 60, 59, 55, 54, 55, 55, 54, 54, 55, 55, 55, 56, 0]",57.67,53,42221111111442221112211221144224442221111112222121123144222212222222212223144222222212244233422222222244,1,16680,19230,15330,240,0,1140,24,61,"[0, 51, 63, 76, 60, 68, 59, 69, 54, 59, 47, 35, 43, 54, 61, 65, 75, 65, 67, 54, 41, 41, 50, 84, 87, 71, 0, 74, 93, 63, 62, 57, 0, 45, 54, 71, 71, 74, 74, 58, 59, 0, 0, 53, 62, 68, 62, 70, 77, 74, 78, 67, 55, 36, 70, 0, 32, 52, 49, 55, 47, 58, 52, 51, 43, 45, 61, 74, 72, 85, 73, 76, 62, 48, 42, 30, 0, 59, 41, 51, 43, 51, 51, 58, 64, 64, 58, 68, 70, 62, 58, 50, 55, 49, 50, 72, 75, 67, 57, 73, 81, 73, 81, 0]",64,29,99,42,81,70,16,81,2020-04-27,0.02,0.02,-0.03,120,26010
40,6420,2020-04-29T09:41:59+02:00,34919,2020-04-29T01:03:59+02:00,3839,13.625,9360,31080,79,"[0, 57, 56, 56, 56, 57, 57, 56, 56, 57, 58, 58, 61, 62, 57, 55, 55, 55, 55, 55, 54, 53, 55, 55, 55, 55, 55, 55, 54, 54, 58, 58, 0, 0, 54, 54, 53, 53, 53, 53, 53, 54, 53, 53, 53, 53, 53, 54, 53, 55, 58, 60, 57, 60, 0, 54, 54, 56, 54, 54, 54, 53, 53, 52, 52, 53, 53, 53, 53, 54, 53, 56, 56, 55, 56, 56, 0, 55, 55, 54, 53, 52, 52, 52, 53, 54, 54, 56, 55, 56, 57, 57, 56, 56, 60, 59, 57, 57, 57, 56, 56, 56, 58, 0]",55.16,52,42211111111233222211211122112114441122211222111111144442222122422221222133333122222333334244223444224444,1,11700,18209,14370,240,0,3600,22,53,"[0, 52, 67, 52, 56, 65, 66, 60, 52, 59, 72, 74, 67, 60, 72, 47, 44, 38, 66, 62, 63, 62, 56, 62, 57, 38, 51, 55, 57, 58, 59, 73, 0, 0, 40, 39, 54, 61, 48, 46, 46, 48, 69, 50, 58, 55, 53, 69, 45, 54, 55, 47, 68, 62, 0, 39, 40, 49, 42, 43, 60, 47, 55, 40, 55, 37, 36, 35, 44, 45, 48, 70, 53, 64, 59, 57, 0, 50, 47, 59, 49, 63, 70, 66, 72, 43, 63, 64, 65, 73, 67, 51, 55, 51, 51, 50, 55, 45, 42, 61, 57, 54, 40, 0]",70,37,100,70,69,70,54,75,2020-04-28,-0.09,-0.09,-0.03,120,24660
41,8250,2020-04-30T09:38:03+02:00,34683,2020-04-30T01:15:03+02:00,4503,14.5,10110,30180,73,"[0, 0, 60, 58, 57, 56, 56, 56, 57, 57, 57, 56, 56, 56, 56, 57, 58, 61, 58, 58, 57, 57, 58, 58, 56, 56, 55, 55, 55, 55, 58, 66, 64, 0, 55, 55, 55, 54, 54, 54, 55, 55, 54, 54, 0, 55, 53, 53, 52, 0, 54, 56, 57, 59, 55, 52, 51, 52, 52, 52, 52, 53, 53, 54, 53, 54, 53, 54, 0, 56, 54, 54, 55, 55, 55, 54, 55, 54, 55, 0, 0, 0, 0, 0, 58, 56, 55, 56, 56, 56, 55, 55, 55, 56, 56, 56, 57, 55, 55, 55, 57]",55.56,51,44422111111111111444211121114431441112111111421111424442222222222221434222222213443444244222222142244,1,10650,19023,14520,840,0,1170,20,53,"[0, 0, 36, 45, 39, 57, 40, 62, 68, 45, 50, 37, 47, 30, 45, 55, 46, 48, 55, 40, 41, 69, 77, 60, 51, 39, 45, 37, 39, 52, 40, 36, 49, 0, 35, 37, 47, 51, 50, 48, 67, 73, 54, 56, 0, 78, 64, 66, 79, 0, 49, 51, 58, 59, 82, 51, 52, 55, 47, 44, 43, 41, 55, 49, 52, 64, 44, 64, 0, 62, 74, 55, 63, 55, 75, 74, 61, 54, 60, 0, 0, 0, 0, 0, 36, 64, 54, 56, 53, 46, 52, 58, 37, 48, 53, 63, 52, 62, 78, 76, 66]",58,31,100,41,55,97,17,64,2020-04-29,-0.06,-0.06,-0.04,120,21930
42,6330,2020-05-01T11:33:31+02:00,41611,2020-05-01T02:08:31+02:00,7711,14.25,10230,33900,81,"[58, 56, 55, 54, 54, 54, 54, 54, 55, 55, 56, 55, 56, 58, 59, 57, 60, 58, 57, 56, 56, 57, 56, 56, 57, 56, 55, 55, 55, 56, 55, 55, 58, 58, 57, 55, 54, 53, 53, 53, 54, 53, 54, 55, 54, 56, 53, 53, 53, 53, 54, 54, 59, 62, 0, 54, 53, 52, 52, 53, 54, 53, 53, 53, 56, 56, 63, 55, 55, 53, 55, 53, 54, 54, 55, 54, 54, 54, 55, 55, 56, 56, 56, 56, 56, 58, 57, 57, 56, 57, 56, 57, 0, 55, 56, 57, 56, 56, 54, 53, 54, 54, 56, 56, 54, 56, 56, 56, 55, 55, 56, 58, 58, 61]",55.41,52,22111111111112434211121111221111234222212222142111124442211122221333322342222221112442242222421222222234444233224,1,14760,23821,16110,150,0,2580,28,45,"[32, 31, 34, 40, 34, 32, 34, 29, 31, 33, 39, 52, 52, 39, 28, 52, 39, 43, 25, 32, 41, 32, 41, 33, 37, 40, 33, 32, 32, 32, 36, 51, 46, 46, 46, 40, 36, 39, 36, 34, 41, 37, 49, 50, 50, 86, 53, 69, 71, 77, 63, 46, 45, 49, 0, 35, 37, 36, 38, 37, 37, 62, 52, 48, 55, 58, 33, 62, 51, 50, 43, 64, 54, 44, 46, 34, 54, 53, 57, 63, 62, 42, 36, 42, 47, 45, 38, 51, 49, 48, 41, 41, 0, 35, 36, 43, 64, 49, 47, 46, 48, 45, 65, 57, 50, 55, 44, 45, 48, 63, 45, 62, 66, 70]",68,13,100,52,74,67,38,87,2020-04-30,-0.03,-0.03,-0.03,120,27570
43,8940,2020-05-02T11:42:31+02:00,42151,2020-05-02T02:07:31+02:00,7651,14.5,8940,34500,74,"[56, 55, 55, 54, 54, 54, 54, 54, 54, 54, 55, 57, 60, 59, 61, 59, 58, 57, 56, 55, 55, 54, 52, 53, 53, 0, 0, 0, 0, 0, 52, 51, 52, 51, 50, 57, 56, 55, 0, 0, 53, 52, 51, 50, 50, 50, 50, 51, 51, 52, 52, 51, 52, 52, 55, 55, 59, 57, 55, 53, 53, 53, 54, 55, 55, 56, 56, 53, 56, 58, 54, 54, 55, 0, 53, 54, 54, 54, 54, 55, 54, 55, 55, 60, 0, 53, 56, 55, 55, 54, 55, 54, 54, 55, 55, 54, 55, 54, 56, 57, 56, 55, 55, 55, 54, 54, 55, 55, 54, 55, 57, 56, 0, 56, 58, 60]",54.53,50,4221111111111322112211142114144222231444422221112112212444422222112442224442111124424422222222442442222222222334444,1,15150,23971,16320,270,1,1470,26,48,"[27, 33, 27, 32, 27, 29, 39, 52, 36, 32, 30, 41, 36, 46, 39, 39, 27, 46, 51, 41, 47, 48, 44, 50, 32, 0, 0, 0, 0, 0, 53, 70, 62, 55, 51, 40, 71, 51, 0, 0, 62, 40, 46, 47, 48, 44, 46, 46, 46, 41, 40, 60, 46, 49, 67, 52, 33, 41, 44, 52, 55, 51, 51, 59, 70, 71, 69, 52, 58, 55, 56, 41, 32, 0, 52, 42, 39, 44, 48, 52, 54, 45, 44, 47, 0, 45, 50, 69, 41, 52, 41, 47, 57, 48, 43, 57, 48, 64, 41, 48, 63, 57, 64, 56, 61, 60, 54, 66, 75, 62, 60, 70, 0, 39, 48, 48]",64,13,100,67,58,72,22,79,2020-05-01,-0.12,-0.12,-0.06,120,25560
44,7230,2020-05-03T11:30:31+02:00,41431,2020-05-03T02:12:31+02:00,7951,14.875,9120,33480,78,"[57, 56, 56, 55, 55, 55, 55, 56, 55, 55, 55, 55, 55, 59, 58, 0, 57, 56, 56, 56, 57, 56, 56, 56, 0, 0, 54, 55, 54, 52, 52, 52, 52, 52, 53, 56, 53, 53, 54, 52, 55, 0, 0, 0, 53, 52, 52, 53, 52, 53, 53, 52, 53, 55, 54, 55, 55, 54, 0, 55, 53, 0, 0, 55, 57, 57, 56, 56, 56, 0, 0, 0, 0, 0, 55, 55, 56, 57, 56, 56, 54, 55, 54, 55, 56, 0, 0, 54, 55, 0, 0, 0, 0, 0, 55, 55, 57, 58, 61, 60, 57, 58, 57, 55, 55, 54, 53, 53, 57, 57, 58, 58]",55.09,52,2221113311111114222142111122422111112222244441211211112111444444222221333344422233222244333334422222222222212244,1,13530,24151,16200,150,0,3600,26,45,"[38, 27, 29, 40, 36, 29, 29, 38, 36, 42, 46, 48, 51, 49, 50, 0, 56, 42, 38, 54, 51, 57, 63, 71, 0, 0, 36, 38, 56, 41, 48, 50, 47, 50, 57, 41, 58, 68, 57, 65, 54, 0, 0, 0, 43, 45, 40, 38, 46, 43, 41, 57, 47, 48, 47, 46, 39, 39, 0, 49, 55, 0, 0, 34, 39, 46, 45, 39, 55, 0, 0, 0, 0, 0, 57, 51, 40, 38, 48, 41, 50, 32, 39, 62, 52, 0, 0, 45, 46, 0, 0, 0, 0, 0, 55, 54, 39, 47, 47, 53, 32, 35, 36, 40, 45, 54, 46, 54, 47, 40, 59, 64]",65,12,100,41,67,67,54,82,2020-05-02,-0.61,-0.61,-0.29,120,26250
45,5730,2020-05-04T09:11:31+02:00,33091,2020-05-04T01:00:31+02:00,3631,14.125,8070,29460,81,"[55, 56, 55, 54, 54, 52, 52, 52, 51, 52, 53, 53, 54, 56, 56, 57, 56, 0, 0, 0, 0, 0, 0, 52, 51, 51, 51, 52, 55, 55, 56, 55, 55, 53, 51, 52, 52, 56, 63, 0, 55, 54, 53, 53, 53, 52, 52, 52, 52, 52, 53, 52, 52, 52, 52, 52, 53, 55, 55, 54, 55, 55, 54, 54, 54, 54, 53, 54, 51, 52, 50, 51, 52, 52, 52, 53, 55, 59, 54, 55, 0, 53, 53, 52, 52, 52, 52, 53, 52, 0, 53, 55, 52, 54, 55, 58, 61, 54, 0]",53.55,50,422444221111111111211144222244221121221441122222221211111432222222221222122121224442222222332223344,1,14250,18691,15060,1740,0,1410,25,40,"[36, 45, 38, 40, 43, 40, 41, 36, 43, 37, 40, 37, 30, 30, 42, 28, 24, 0, 0, 0, 0, 0, 0, 41, 42, 41, 50, 39, 50, 41, 42, 39, 33, 45, 51, 40, 46, 42, 39, 0, 39, 40, 39, 41, 44, 45, 42, 40, 40, 38, 38, 40, 42, 33, 35, 38, 44, 30, 34, 43, 55, 37, 38, 38, 33, 35, 38, 35, 50, 57, 50, 39, 50, 46, 39, 67, 44, 45, 38, 48, 0, 41, 63, 44, 44, 41, 43, 38, 38, 0, 46, 43, 45, 39, 41, 50, 46, 70, 0]",64,34,99,65,74,62,21,72,2020-05-03,-0.08,-0.08,-0.3,120,23730
46,5670,2020-05-05T09:19:31+02:00,33571,2020-05-05T01:22:31+02:00,4951,14.25,11280,28620,80,"[59, 58, 56, 55, 55, 55, 55, 54, 54, 55, 55, 55, 58, 58, 56, 57, 57, 56, 56, 56, 57, 54, 54, 54, 54, 55, 54, 55, 54, 57, 0, 52, 52, 52, 54, 54, 53, 51, 50, 50, 50, 53, 53, 0, 53, 52, 54, 58, 55, 0, 0, 52, 53, 52, 52, 51, 51, 51, 52, 52, 0, 0, 52, 57, 54, 54, 54, 53, 53, 52, 51, 51, 51, 52, 52, 53, 52, 53, 52, 52, 53, 54, 53, 53, 0, 53, 53, 52, 52, 52, 53, 53, 54, 54, 56, 0]",53.67,50,442212111111112211111221111111432222122211113223244211111111144442423322211224224222242222112244,1,10380,18931,13980,720,0,1290,22,57,"[48, 44, 49, 40, 52, 41, 42, 41, 38, 38, 46, 34, 47, 62, 52, 47, 51, 53, 86, 71, 76, 77, 73, 87, 85, 87, 72, 85, 47, 43, 0, 56, 47, 58, 50, 48, 54, 52, 54, 59, 66, 46, 49, 0, 58, 50, 47, 55, 52, 0, 0, 49, 46, 52, 45, 61, 63, 60, 53, 58, 0, 0, 46, 46, 55, 57, 54, 75, 70, 46, 63, 59, 61, 67, 63, 78, 63, 65, 66, 70, 50, 55, 62, 73, 0, 55, 46, 55, 45, 41, 42, 45, 46, 59, 51, 0]",62,32,100,42,72,91,19,68,2020-05-04,-0.1,-0.1,-0.17,120,22950
47,6270,2020-05-06T09:37:31+02:00,34651,2020-05-06T01:15:31+02:00,4531,14.375,8970,30120,79,"[55, 55, 55, 55, 55, 55, 55, 55, 56, 0, 0, 56, 55, 54, 54, 54, 54, 55, 55, 56, 59, 58, 58, 58, 56, 57, 56, 56, 55, 55, 52, 52, 52, 52, 52, 52, 52, 52, 53, 54, 55, 55, 54, 52, 54, 54, 54, 53, 51, 51, 52, 52, 54, 50, 50, 50, 50, 51, 54, 54, 0, 58, 60, 60, 57, 62, 0, 0, 56, 56, 55, 54, 55, 55, 55, 55, 53, 54, 55, 58, 59, 60, 57, 58, 59, 0, 56, 56, 56, 56, 56, 56, 56, 56, 56, 56, 58, 57, 57, 69, 0]",55.13,50,42111111114421111111124422211112221111122222221112222222221444222244444222223313444424422222222333244,1,13200,18961,14430,330,0,1680,24,51,"[36, 36, 44, 44, 49, 34, 45, 39, 37, 0, 0, 36, 42, 50, 63, 44, 66, 58, 51, 68, 39, 52, 49, 52, 52, 55, 67, 70, 67, 83, 47, 47, 60, 53, 54, 50, 52, 61, 60, 55, 52, 62, 54, 60, 53, 59, 60, 62, 59, 51, 56, 53, 45, 52, 43, 51, 49, 49, 50, 61, 0, 35, 34, 33, 37, 44, 0, 0, 40, 41, 37, 46, 42, 38, 49, 47, 53, 59, 55, 40, 40, 60, 39, 33, 27, 0, 36, 34, 42, 40, 42, 36, 44, 40, 60, 46, 59, 54, 52, 42, 0]",60,31,100,35,69,75,24,72,2020-05-05,-0.17,-0.17,-0.09,120,23850
48,5070,2020-05-07T09:31:17+02:00,34277,2020-05-07T01:53:17+02:00,6797,14.25,9750,27480,82,"[56, 55, 55, 55, 55, 55, 55, 55, 55, 56, 58, 59, 57, 56, 56, 56, 56, 56, 57, 57, 57, 55, 55, 54, 54, 55, 55, 55, 56, 58, 62, 58, 58, 58, 53, 55, 56, 55, 55, 54, 55, 55, 55, 56, 53, 52, 52, 54, 55, 54, 54, 53, 56, 55, 58, 0, 55, 55, 55, 54, 55, 55, 55, 55, 55, 56, 57, 58, 58, 58, 58, 60, 59, 56, 55, 55, 56, 55, 55, 55, 56, 57, 57, 58, 61, 59, 59, 59, 57, 58, 58, 57]",56.0,52,42211111111112111111221122114444222222222111221211122444422222221244442222211211111233423344,1,11250,19997,13200,180,0,1410,26,52,"[41, 33, 35, 60, 61, 38, 61, 74, 54, 59, 51, 46, 68, 34, 60, 55, 36, 44, 61, 58, 46, 39, 44, 45, 42, 75, 35, 61, 79, 67, 29, 43, 54, 68, 46, 60, 60, 47, 48, 67, 73, 83, 80, 55, 53, 46, 63, 74, 50, 55, 50, 56, 51, 60, 44, 0, 41, 35, 46, 39, 42, 61, 52, 67, 71, 44, 57, 35, 51, 46, 38, 31, 33, 35, 38, 50, 55, 44, 38, 38, 45, 58, 55, 41, 46, 29, 57, 48, 42, 44, 55, 61]",62,24,100,65,76,67,21,66,2020-05-06,0.06,0.06,-0.02,120,22410
49,6300,2020-05-08T09:44:56+02:00,35096,2020-05-08T01:32:56+02:00,5576,14.5,9630,29520,79,"[58, 55, 56, 55, 55, 55, 55, 56, 57, 57, 57, 58, 58, 58, 57, 58, 58, 58, 57, 58, 57, 57, 57, 53, 56, 55, 56, 55, 56, 56, 57, 0, 54, 55, 54, 54, 0, 0, 0, 0, 54, 54, 53, 54, 54, 56, 60, 54, 54, 54, 0, 53, 53, 53, 53, 53, 53, 53, 53, 53, 53, 54, 55, 56, 56, 63, 60, 56, 58, 56, 57, 58, 57, 57, 56, 56, 56, 56, 55, 57, 55, 57, 57, 56, 56, 56, 56, 56, 57, 56, 56, 56, 57, 58, 57, 55, 58, 57, 0]",55.87,53,422221111111132221111111221222444111211121122442224422211114211323324222221221244444222222221144444,1,12600,19376,13800,300,0,990,26,51,"[52, 34, 38, 41, 58, 35, 44, 42, 47, 45, 64, 46, 42, 48, 60, 70, 71, 86, 81, 72, 87, 68, 78, 44, 55, 51, 65, 81, 42, 53, 48, 0, 39, 51, 40, 48, 0, 0, 0, 0, 40, 46, 46, 46, 54, 38, 43, 62, 47, 47, 0, 49, 51, 43, 48, 46, 46, 49, 45, 58, 37, 41, 59, 40, 50, 30, 44, 46, 40, 39, 38, 45, 31, 26, 38, 40, 40, 42, 50, 52, 51, 36, 47, 41, 37, 38, 44, 38, 38, 48, 50, 54, 61, 67, 58, 56, 53, 47, 0]",63,28,100,68,69,72,15,69,2020-05-07,-0.19,-0.19,-0.05,120,23220
50,5130,2020-05-09T10:47:56+02:00,38876,2020-05-09T02:12:56+02:00,7976,14.0,9960,30900,83,"[0, 55, 56, 55, 55, 55, 55, 55, 54, 54, 54, 54, 54, 54, 56, 58, 58, 55, 53, 53, 52, 52, 53, 54, 54, 54, 53, 53, 53, 53, 53, 60, 56, 55, 52, 52, 51, 52, 51, 0, 51, 51, 51, 50, 51, 51, 52, 52, 55, 55, 56, 54, 54, 53, 53, 54, 54, 52, 52, 52, 53, 52, 52, 52, 52, 52, 53, 57, 59, 54, 54, 56, 52, 52, 53, 53, 53, 53, 54, 54, 55, 54, 55, 57, 59, 58, 59, 60, 57, 56, 55, 56, 55, 55, 54, 54, 54, 54, 53, 53, 53, 53, 53, 0]",53.97,50,4211111111111224442211111111144332222221221211211333442322111122222334444111122222233233322222222222224,1,12660,23516,15540,330,0,3150,26,41,"[0, 40, 33, 34, 31, 31, 31, 36, 49, 37, 35, 41, 42, 36, 34, 30, 25, 40, 45, 42, 42, 44, 45, 41, 41, 41, 38, 40, 37, 53, 49, 34, 38, 54, 38, 48, 48, 49, 51, 0, 59, 44, 54, 52, 49, 55, 46, 39, 33, 41, 33, 47, 38, 47, 49, 44, 40, 46, 49, 56, 45, 49, 50, 48, 46, 47, 36, 35, 36, 38, 42, 44, 45, 42, 38, 34, 38, 42, 35, 38, 38, 36, 37, 41, 43, 31, 43, 43, 33, 30, 48, 35, 42, 36, 38, 45, 40, 42, 48, 41, 42, 44, 53, 0]",70,14,100,68,79,75,47,80,2020-05-08,0.03,0.03,-0.01,120,25770
51,10380,2020-05-10T10:17:56+02:00,37076,2020-05-10T01:14:56+02:00,4496,14.5,5820,32580,68,"[0, 54, 53, 52, 51, 50, 50, 0, 0, 54, 53, 0, 0, 0, 50, 51, 50, 50, 50, 51, 50, 50, 52, 53, 52, 54, 56, 54, 52, 52, 0, 53, 0, 0, 0, 0, 0, 0, 0, 0, 52, 0, 51, 51, 0, 53, 54, 56, 54, 50, 50, 49, 49, 49, 49, 49, 49, 49, 49, 49, 49, 49, 49, 50, 51, 52, 52, 53, 0, 0, 50, 51, 52, 51, 51, 51, 51, 51, 51, 52, 55, 0, 0, 55, 54, 58, 57, 53, 54, 51, 52, 0, 53, 53, 53, 53, 54, 56, 56, 55, 56, 56, 56, 56, 57, 58, 58, 58, 59]",52.43,49,4222224444244422211111122222212112444414442244222222222221112211133444212221222244444222222422211333344444244,1,14160,20516,16020,390,0,2220,29,46,"[0, 48, 47, 52, 59, 48, 53, 0, 0, 45, 49, 0, 0, 0, 51, 46, 48, 51, 46, 42, 47, 46, 42, 40, 40, 29, 25, 36, 42, 43, 0, 38, 0, 0, 0, 0, 0, 0, 0, 0, 50, 0, 49, 46, 0, 60, 54, 45, 39, 63, 65, 53, 48, 47, 53, 53, 53, 71, 52, 53, 74, 71, 52, 59, 54, 57, 53, 64, 0, 0, 53, 44, 41, 46, 44, 44, 51, 49, 53, 45, 62, 0, 0, 40, 54, 33, 43, 53, 41, 43, 42, 0, 40, 40, 37, 36, 34, 35, 31, 30, 28, 33, 50, 45, 33, 31, 25, 29, 28]",57,22,96,44,44,78,32,65,2020-05-09,-0.04,-0.04,0.0,120,22200
52,7890,2020-05-11T09:26:56+02:00,34016,2020-05-11T01:04:56+02:00,3896,13.875,8700,30120,74,"[0, 0, 55, 57, 56, 0, 0, 56, 55, 54, 53, 53, 53, 53, 53, 53, 53, 54, 54, 56, 55, 57, 56, 56, 54, 54, 0, 53, 53, 53, 53, 53, 53, 53, 53, 53, 52, 52, 52, 52, 53, 54, 58, 56, 54, 55, 53, 53, 53, 53, 54, 52, 52, 52, 53, 53, 53, 54, 52, 51, 51, 52, 54, 56, 55, 54, 54, 0, 52, 52, 52, 52, 52, 52, 52, 52, 53, 54, 56, 57, 63, 56, 57, 55, 56, 54, 52, 52, 52, 52, 52, 52, 52, 53, 52, 53, 53, 55, 54, 56, 56]",53.71,51,44222444111111121111222224411111121122222133244222222111214222244444411111112233442222222222224424444,1,12150,18176,14280,510,0,1380,26,43,"[0, 0, 52, 41, 41, 0, 0, 51, 34, 35, 47, 37, 38, 37, 40, 66, 35, 35, 30, 43, 53, 48, 30, 46, 56, 51, 0, 44, 41, 44, 45, 42, 41, 40, 48, 47, 43, 43, 43, 51, 42, 33, 59, 62, 39, 43, 48, 49, 48, 38, 45, 39, 45, 40, 38, 41, 42, 45, 74, 47, 49, 51, 52, 36, 36, 57, 56, 0, 44, 48, 49, 44, 42, 46, 45, 44, 40, 41, 38, 47, 35, 45, 35, 42, 35, 32, 50, 44, 51, 45, 43, 48, 42, 49, 41, 74, 42, 32, 34, 35, 31]",61,38,100,56,58,83,20,65,2020-05-10,0.0,0.0,0.02,120,22230
53,4200,2020-05-12T09:17:02+02:00,33422,2020-05-12T01:10:02+02:00,4202,13.875,9600,29220,86,"[0, 51, 50, 49, 49, 50, 50, 50, 50, 51, 51, 51, 51, 53, 55, 55, 56, 54, 53, 53, 53, 53, 53, 54, 53, 52, 52, 53, 52, 51, 52, 51, 51, 51, 52, 57, 0, 50, 51, 51, 51, 51, 51, 52, 50, 51, 50, 50, 50, 51, 51, 51, 52, 53, 59, 0, 52, 53, 53, 52, 52, 53, 51, 51, 51, 51, 52, 52, 52, 51, 52, 52, 54, 56, 59, 55, 55, 56, 54, 54, 52, 52, 52, 53, 53, 54, 0, 53, 54, 55, 56, 53, 54, 53, 54, 54, 54, 0]",52.43,49,42111111111111111221121111112222222144111114222212211424222222222223322223142322222232422222333324,1,12390,18542,14340,330,0,3030,25,46,"[0, 51, 52, 61, 63, 49, 54, 58, 57, 49, 44, 50, 46, 48, 46, 61, 31, 58, 49, 48, 47, 37, 31, 30, 37, 39, 34, 34, 53, 63, 70, 45, 50, 50, 43, 54, 0, 53, 52, 42, 41, 43, 46, 56, 44, 38, 41, 42, 42, 53, 50, 49, 44, 54, 44, 0, 39, 47, 47, 37, 45, 38, 48, 47, 55, 46, 46, 42, 42, 51, 45, 64, 53, 47, 44, 46, 37, 33, 39, 46, 52, 47, 49, 55, 42, 42, 0, 44, 39, 40, 61, 42, 40, 44, 49, 45, 74, 0]",70,35,100,66,81,75,45,77,2020-05-11,-0.09,-0.09,-0.01,120,25020
54,4230,2020-05-13T09:50:02+02:00,35402,2020-05-13T02:11:02+02:00,7862,13.75,8550,27540,85,"[57, 56, 55, 55, 54, 54, 54, 54, 54, 54, 55, 55, 58, 57, 56, 58, 58, 56, 56, 56, 56, 56, 0, 0, 0, 0, 55, 55, 56, 56, 54, 54, 53, 53, 55, 59, 62, 56, 55, 55, 54, 54, 0, 53, 0, 52, 52, 52, 52, 52, 53, 53, 53, 53, 54, 56, 58, 53, 53, 55, 55, 55, 55, 59, 57, 55, 55, 53, 54, 54, 54, 54, 54, 54, 55, 55, 56, 0, 62, 59, 60, 55, 54, 54, 55, 55, 55, 55, 55, 55, 0, 0]",55.08,52,42222211112111222222211332421141122111422244442111211113124232223322222111113243342222222244,1,12540,21392,13530,270,0,2220,23,45,"[47, 31, 33, 33, 33, 31, 32, 29, 35, 37, 32, 53, 57, 51, 48, 43, 45, 44, 43, 75, 69, 50, 0, 0, 0, 0, 38, 35, 30, 50, 49, 42, 60, 42, 33, 45, 35, 59, 36, 39, 45, 54, 0, 52, 0, 48, 52, 52, 51, 42, 38, 40, 43, 47, 36, 33, 58, 45, 62, 60, 38, 42, 49, 52, 48, 38, 48, 51, 44, 48, 49, 48, 61, 60, 69, 44, 51, 0, 50, 38, 52, 40, 42, 44, 48, 53, 32, 56, 43, 40, 0, 0]",66,20,100,72,83,72,32,70,2020-05-12,-0.19,-0.19,-0.08,120,23310
55,5430,2020-05-14T09:32:29+02:00,34349,2020-05-14T02:12:29+02:00,7949,14.0,9420,26400,79,"[52, 52, 52, 52, 52, 52, 52, 52, 53, 53, 54, 57, 58, 56, 57, 56, 56, 55, 54, 53, 53, 53, 53, 52, 52, 51, 51, 51, 52, 52, 51, 51, 49, 53, 57, 56, 54, 0, 52, 52, 52, 52, 52, 52, 52, 51, 51, 51, 51, 53, 59, 55, 53, 55, 53, 52, 53, 52, 52, 53, 53, 53, 54, 53, 52, 55, 54, 55, 59, 56, 54, 53, 53, 54, 54, 54, 53, 54, 54, 54, 54, 53, 54, 55, 55, 55, 57, 0, 55]",53.4,49,4211111111114222222221121111111111112442222111112234444242221111423244422222122223442244,1,10530,20249,12300,390,0,1020,25,49,"[49, 41, 41, 45, 41, 35, 38, 36, 35, 31, 30, 45, 56, 52, 53, 64, 55, 36, 31, 36, 35, 42, 71, 56, 66, 74, 65, 66, 51, 63, 48, 42, 88, 71, 54, 65, 85, 0, 43, 44, 47, 58, 45, 39, 39, 42, 44, 57, 52, 66, 30, 43, 54, 55, 48, 47, 42, 45, 64, 51, 41, 67, 56, 78, 65, 77, 61, 71, 58, 53, 50, 42, 55, 37, 34, 33, 52, 42, 48, 39, 58, 71, 48, 60, 63, 72, 50, 0, 43]",60,23,100,70,72,78,15,60,2020-05-13,0.01,0.01,-0.06,120,20970
56,4830,2020-05-15T09:36:29+02:00,34589,2020-05-15T02:18:29+02:00,8309,14.375,10770,26280,82,"[53, 53, 52, 51, 51, 50, 50, 51, 50, 51, 51, 56, 55, 55, 53, 52, 51, 50, 50, 50, 49, 0, 0, 0, 51, 0, 51, 50, 50, 52, 57, 56, 58, 0, 0, 49, 50, 50, 51, 51, 52, 52, 51, 52, 52, 52, 51, 52, 53, 54, 57, 56, 56, 53, 53, 54, 53, 54, 52, 53, 0, 0, 0, 59, 57, 59, 54, 54, 53, 53, 53, 52, 52, 51, 52, 52, 52, 52, 54, 54, 55, 53, 54, 56, 54, 56, 56, 53]",52.81,49,4221111111111122211121312311112224441111111111112134444222223344424222222211111242222344,1,8850,20789,12480,240,0,1830,18,50,"[45, 35, 44, 44, 45, 47, 43, 37, 48, 36, 37, 41, 65, 60, 47, 57, 52, 51, 57, 59, 68, 0, 0, 0, 73, 0, 52, 46, 50, 42, 43, 55, 48, 0, 0, 56, 54, 52, 41, 41, 39, 37, 44, 43, 39, 39, 40, 62, 67, 58, 63, 32, 41, 42, 42, 37, 60, 48, 68, 44, 0, 0, 0, 67, 51, 51, 62, 54, 46, 57, 52, 52, 56, 58, 41, 74, 95, 101, 68, 60, 53, 54, 56, 60, 59, 49, 64, 80]",62,21,100,70,76,70,27,62,2020-05-14,-0.09,-0.09,-0.04,120,21450
57,5280,2020-05-16T11:56:29+02:00,42989,2020-05-16T02:46:29+02:00,9989,14.0,10500,33000,84,"[53, 51, 52, 50, 50, 51, 50, 51, 52, 52, 54, 55, 57, 56, 52, 51, 51, 50, 50, 51, 51, 52, 52, 53, 52, 53, 53, 56, 54, 55, 54, 54, 52, 51, 51, 51, 51, 52, 52, 52, 52, 52, 53, 53, 57, 55, 55, 55, 55, 0, 53, 53, 54, 54, 53, 54, 54, 53, 53, 56, 59, 61, 63, 57, 57, 55, 54, 54, 54, 54, 54, 54, 56, 57, 55, 55, 56, 55, 57, 58, 56, 53, 54, 53, 52, 52, 55, 56, 55, 55, 56, 56, 56, 56, 58, 57, 55, 56, 54, 56, 56, 55, 57, 56, 56, 55, 55, 55, 0, 0, 0]",54.07,50,44221111111111421221111111221221321112213311142422412221211233344422221114322223333222221221124242222223322244,1,14040,26099,16110,630,0,3180,21,45,"[55, 47, 39, 54, 44, 39, 43, 39, 35, 33, 36, 40, 49, 58, 37, 42, 36, 45, 44, 42, 39, 43, 39, 33, 37, 52, 37, 36, 51, 56, 55, 48, 49, 43, 45, 54, 59, 47, 49, 43, 47, 50, 46, 31, 95, 43, 51, 45, 47, 0, 40, 35, 37, 35, 37, 48, 40, 35, 47, 56, 62, 32, 30, 38, 34, 42, 45, 37, 38, 40, 39, 37, 55, 37, 46, 37, 43, 41, 34, 41, 57, 36, 43, 59, 62, 72, 44, 36, 62, 65, 53, 63, 46, 48, 44, 56, 61, 40, 64, 58, 41, 40, 39, 34, 51, 49, 49, 68, 0, 0, 0]",74,7,100,68,81,89,47,88,2020-05-15,-0.27,-0.27,-0.12,120,27720
58,7050,2020-05-17T11:01:29+02:00,39689,2020-05-17T02:10:29+02:00,7829,14.0,8340,31860,78,"[0, 59, 56, 55, 54, 53, 53, 53, 54, 53, 56, 0, 0, 0, 0, 0, 0, 53, 53, 53, 54, 54, 56, 53, 52, 53, 53, 55, 53, 53, 54, 55, 55, 56, 55, 53, 54, 54, 56, 56, 56, 55, 56, 55, 55, 55, 55, 54, 55, 54, 53, 52, 52, 52, 52, 53, 53, 53, 54, 56, 57, 54, 54, 53, 0, 53, 52, 52, 52, 53, 53, 54, 54, 55, 54, 57, 56, 64, 60, 57, 56, 56, 56, 55, 55, 56, 56, 55, 53, 53, 53, 55, 56, 56, 56, 55, 0, 56, 55, 56, 56, 55, 56, 55, 55, 57, 0]",54.6,52,42221111111444444111122221112111111222224422211111222142121142244422222224432244222222222222333242222222244,1,15210,23789,15960,300,1,1260,21,48,"[0, 34, 35, 35, 35, 39, 37, 35, 34, 42, 36, 0, 0, 0, 0, 0, 0, 41, 35, 36, 38, 44, 49, 73, 73, 43, 77, 86, 98, 81, 86, 62, 67, 51, 53, 52, 57, 67, 60, 51, 57, 56, 47, 45, 49, 41, 44, 58, 47, 61, 60, 45, 50, 51, 56, 53, 49, 44, 46, 40, 59, 48, 51, 86, 0, 51, 44, 46, 42, 41, 41, 35, 33, 37, 73, 42, 33, 34, 41, 32, 29, 50, 49, 43, 51, 47, 54, 55, 55, 51, 50, 48, 33, 37, 40, 55, 0, 34, 39, 38, 37, 34, 31, 33, 36, 52, 0]",64,13,99,68,67,72,18,76,2020-05-16,-0.06,-0.06,-0.13,120,24810
59,3630,2020-05-18T09:31:09+02:00,34269,2020-05-18T02:09:09+02:00,7749,14.125,7740,26520,86,"[0, 53, 53, 52, 53, 52, 53, 53, 53, 54, 52, 52, 52, 52, 52, 57, 59, 56, 57, 56, 55, 52, 52, 52, 52, 0, 0, 0, 53, 52, 52, 52, 53, 52, 52, 51, 51, 51, 52, 52, 52, 52, 52, 52, 56, 55, 56, 0, 51, 50, 51, 51, 51, 51, 51, 50, 50, 49, 50, 52, 52, 52, 54, 54, 57, 57, 55, 54, 55, 55, 54, 54, 54, 54, 54, 54, 54, 53, 53, 56, 56, 59, 56, 56, 55, 52, 53, 53, 0]",53.18,49,42111111111111141122222221331422222222111122242421211112222222222424222222222222332432244,1,13500,20769,13020,390,0,1650,19,45,"[0, 36, 41, 36, 36, 34, 33, 31, 45, 35, 43, 45, 41, 39, 40, 39, 34, 41, 49, 42, 54, 43, 50, 33, 30, 0, 0, 0, 38, 69, 75, 63, 48, 47, 50, 60, 67, 55, 67, 64, 57, 62, 55, 42, 50, 32, 40, 0, 48, 56, 44, 45, 47, 48, 53, 44, 66, 49, 43, 45, 44, 48, 49, 44, 46, 33, 38, 46, 33, 32, 34, 43, 37, 38, 35, 36, 35, 47, 36, 39, 35, 40, 48, 46, 31, 55, 44, 42, 0]",65,22,99,70,88,78,24,68,2020-05-17,0.03,0.03,-0.05,120,22890
60,3120,2020-05-19T09:34:30+02:00,34470,2020-05-19T02:23:30+02:00,8610,13.875,8850,25860,88,"[0, 52, 52, 52, 52, 52, 52, 53, 54, 53, 52, 53, 56, 57, 59, 55, 55, 55, 55, 53, 54, 54, 54, 54, 54, 55, 53, 53, 53, 53, 53, 52, 51, 51, 51, 51, 52, 50, 52, 55, 56, 53, 53, 52, 52, 53, 53, 53, 53, 53, 53, 53, 0, 0, 0, 51, 52, 54, 56, 55, 55, 54, 54, 53, 52, 0, 52, 52, 53, 53, 53, 54, 54, 53, 54, 55, 58, 56, 55, 55, 55, 55, 53, 53, 53, 62, 0]",53.56,50,421111111121123244122111112222222221111232222211111133322244222224211122111322222422244,1,11850,21420,12810,390,0,2040,24,45,"[0, 40, 63, 35, 33, 41, 36, 39, 47, 48, 50, 54, 58, 52, 44, 32, 49, 36, 52, 55, 30, 28, 26, 26, 32, 29, 54, 42, 36, 39, 63, 91, 76, 71, 85, 51, 59, 69, 45, 54, 54, 43, 47, 54, 44, 45, 43, 45, 41, 48, 35, 40, 0, 0, 0, 47, 42, 49, 47, 34, 51, 50, 42, 50, 46, 0, 49, 39, 45, 43, 50, 39, 39, 45, 52, 35, 54, 43, 38, 46, 43, 42, 40, 37, 45, 58, 0]",65,20,100,66,90,78,30,67,2020-05-18,0.02,0.02,0.02,120,22740
61,4020,2020-05-20T09:51:06+02:00,35466,2020-05-20T02:02:06+02:00,7326,13.75,12600,28140,86,"[54, 53, 52, 52, 52, 52, 51, 51, 53, 57, 56, 58, 0, 0, 0, 0, 52, 51, 51, 51, 51, 51, 51, 51, 51, 52, 53, 53, 54, 54, 55, 55, 55, 58, 52, 51, 51, 51, 52, 52, 52, 51, 51, 51, 51, 51, 51, 50, 49, 50, 54, 56, 53, 53, 54, 53, 53, 52, 51, 51, 51, 50, 51, 51, 51, 0, 54, 55, 54, 54, 55, 56, 58, 53, 53, 54, 53, 52, 52, 53, 52, 52, 52, 53, 52, 54, 53, 53, 53, 52, 52, 53, 0, 0]",52.61,49,2211111111122444411111111111111222122111112211122111142233122221111424433133223322211442212244,1,8910,21156,13830,120,0,2610,21,54,"[46, 47, 47, 47, 42, 44, 47, 62, 40, 50, 57, 60, 0, 0, 0, 0, 42, 44, 45, 39, 49, 51, 42, 48, 48, 34, 48, 42, 42, 66, 71, 63, 63, 60, 77, 63, 58, 70, 56, 53, 48, 65, 62, 48, 49, 46, 56, 77, 74, 82, 46, 65, 71, 51, 37, 33, 37, 44, 49, 46, 69, 52, 54, 47, 45, 0, 49, 50, 41, 40, 43, 35, 44, 52, 46, 66, 70, 41, 65, 56, 48, 58, 43, 63, 73, 59, 46, 39, 38, 66, 69, 75, 0, 0]",67,20,100,70,86,64,39,73,2020-05-19,-0.15,-0.15,-0.01,120,24120
62,5820,2020-05-21T11:05:01+02:00,39901,2020-05-21T02:38:01+02:00,9481,14.125,8130,30420,81,"[54, 53, 52, 51, 51, 52, 51, 52, 51, 53, 59, 60, 56, 54, 53, 53, 53, 53, 54, 54, 55, 56, 0, 53, 53, 53, 52, 52, 55, 57, 58, 64, 60, 0, 0, 53, 52, 51, 51, 51, 52, 51, 52, 52, 52, 51, 52, 52, 52, 53, 54, 56, 56, 56, 56, 55, 55, 53, 53, 53, 53, 0, 0, 0, 53, 55, 54, 55, 55, 55, 53, 54, 53, 53, 54, 55, 54, 55, 55, 0, 56, 56, 0, 58, 58, 58, 56, 56, 56, 55, 53, 53, 53, 54, 55, 57, 64, 57, 57, 56, 0, 0]",54.29,51,421111111111122111111142222242231444222222111222114431244221231222442222221122143234222222222222334444,1,14070,24001,14520,210,0,2400,28,55,"[35, 42, 52, 69, 46, 69, 70, 70, 64, 81, 38, 40, 68, 71, 70, 39, 58, 59, 48, 65, 68, 64, 0, 78, 45, 84, 100, 103, 46, 44, 44, 24, 30, 0, 0, 40, 45, 51, 40, 62, 34, 39, 43, 41, 66, 61, 73, 81, 67, 44, 60, 74, 49, 43, 59, 42, 67, 33, 39, 52, 32, 0, 0, 0, 42, 47, 52, 49, 54, 53, 47, 61, 51, 53, 59, 63, 54, 48, 52, 0, 55, 61, 0, 64, 41, 44, 63, 64, 70, 58, 55, 49, 55, 57, 62, 39, 36, 63, 65, 40, 0, 0]",65,12,99,63,74,70,35,75,2020-05-20,-0.22,-0.22,-0.1,120,24600
63,4410,2020-05-22T09:34:01+02:00,34441,2020-05-22T01:56:01+02:00,6961,14.125,8400,27480,84,"[53, 52, 52, 52, 53, 53, 54, 55, 59, 58, 61, 58, 58, 59, 57, 57, 58, 58, 58, 58, 56, 55, 55, 55, 55, 54, 55, 55, 55, 53, 63, 0, 0, 54, 53, 54, 53, 53, 53, 51, 52, 52, 52, 52, 52, 54, 57, 61, 53, 54, 57, 55, 56, 55, 56, 55, 55, 55, 56, 55, 54, 54, 56, 52, 52, 52, 53, 55, 58, 55, 60, 58, 60, 58, 63, 58, 57, 57, 56, 55, 57, 57, 57, 56, 58, 57, 58, 58, 59, 62, 67, 58]",55.84,51,42111111111221111111122222112224441222222221222214222222211122142111244443333322222223333244,1,12240,20071,13110,210,0,2430,21,63,"[44, 44, 55, 32, 48, 43, 35, 57, 50, 41, 41, 49, 54, 57, 56, 59, 61, 65, 55, 59, 60, 64, 62, 63, 60, 71, 75, 75, 79, 71, 39, 0, 0, 52, 63, 58, 50, 68, 97, 111, 101, 106, 111, 85, 135, 84, 71, 45, 64, 56, 55, 61, 49, 59, 68, 56, 51, 66, 59, 70, 70, 85, 113, 50, 53, 55, 64, 69, 45, 54, 48, 47, 32, 41, 41, 45, 33, 34, 41, 34, 45, 47, 62, 60, 65, 63, 70, 69, 46, 39, 19, 64]",65,23,99,68,81,70,36,69,2020-05-21,0.11,0.11,-0.02,120,23070
64,4230,2020-05-23T11:32:01+02:00,41521,2020-05-23T02:48:01+02:00,10081,14.0,10800,31440,87,"[54, 54, 53, 53, 53, 54, 54, 54, 54, 55, 60, 59, 58, 57, 57, 56, 56, 57, 54, 53, 53, 53, 55, 57, 57, 57, 55, 54, 54, 54, 55, 61, 66, 0, 54, 55, 54, 54, 53, 53, 53, 53, 52, 53, 54, 55, 55, 55, 55, 55, 55, 55, 54, 57, 58, 57, 56, 54, 54, 55, 55, 55, 55, 55, 56, 54, 54, 55, 56, 58, 59, 62, 58, 58, 59, 58, 59, 59, 57, 57, 57, 57, 58, 57, 59, 56, 57, 59, 57, 57, 58, 57, 57, 56, 56, 58, 57, 57, 58, 58, 59, 58, 58, 0, 0]",56.02,52,421111111111222221122112212211111441222221111422222222223222211112212244422222222142222222222222211111144,1,15900,25261,15180,210,0,510,22,48,"[44, 74, 57, 32, 31, 29, 31, 46, 54, 45, 54, 47, 51, 41, 35, 68, 68, 94, 46, 38, 41, 35, 34, 70, 80, 57, 97, 67, 67, 60, 71, 60, 35, 0, 40, 50, 51, 42, 41, 51, 43, 42, 39, 38, 69, 57, 41, 60, 64, 50, 58, 53, 40, 41, 37, 45, 36, 41, 63, 44, 48, 48, 45, 39, 51, 41, 38, 44, 44, 41, 45, 42, 30, 29, 34, 31, 28, 31, 25, 32, 25, 28, 39, 36, 47, 28, 41, 41, 35, 45, 41, 44, 60, 61, 60, 62, 49, 49, 53, 49, 49, 46, 47, 0, 0]",68,9,100,70,88,70,8,86,2020-05-22,0.29,0.29,0.17,120,27210
65,6210,2020-05-24T08:49:01+02:00,31741,2020-05-24T01:48:01+02:00,6481,13.625,8670,25260,75,"[0, 58, 59, 57, 57, 57, 56, 56, 56, 57, 57, 57, 57, 57, 56, 55, 55, 55, 55, 56, 58, 60, 57, 60, 57, 57, 56, 55, 55, 55, 55, 54, 54, 54, 53, 53, 52, 53, 53, 54, 54, 53, 52, 52, 53, 54, 0, 0, 53, 53, 52, 52, 52, 52, 52, 52, 52, 53, 53, 53, 54, 55, 56, 55, 59, 55, 55, 54, 53, 52, 53, 52, 53, 53, 53, 53, 54, 54, 57, 55, 56, 0, 55, 0, 58]",54.74,52,4222211111111112222224444442112222212111211112441211111111211334444422222222233442244,1,9360,18541,12060,420,0,1020,23,36,"[0, 34, 33, 27, 26, 22, 24, 28, 22, 21, 22, 23, 21, 21, 34, 32, 54, 41, 32, 28, 36, 38, 43, 29, 31, 37, 20, 25, 28, 32, 26, 42, 42, 40, 54, 44, 37, 30, 35, 40, 37, 59, 53, 59, 50, 57, 0, 0, 35, 35, 38, 36, 33, 37, 34, 37, 37, 42, 41, 37, 34, 30, 34, 35, 61, 44, 41, 39, 49, 45, 46, 46, 44, 40, 42, 40, 54, 40, 51, 41, 38, 0, 39, 0, 30]",57,35,100,68,62,78,15,52,2020-05-23,0.02,0.02,0.2,120,19050
66,5340,2020-05-25T09:43:24+02:00,35004,2020-05-25T01:27:24+02:00,5244,14.5,6480,29760,82,"[0, 0, 56, 56, 55, 55, 55, 55, 55, 56, 56, 56, 57, 57, 60, 61, 57, 57, 57, 58, 57, 56, 57, 57, 0, 0, 0, 0, 0, 53, 52, 57, 58, 59, 54, 54, 53, 53, 52, 52, 52, 51, 52, 51, 51, 0, 0, 51, 51, 52, 53, 55, 54, 54, 53, 0, 53, 0, 55, 54, 55, 55, 56, 56, 56, 55, 0, 0, 0, 0, 0, 0, 0, 55, 54, 54, 55, 54, 0, 54, 53, 54, 55, 54, 54, 55, 54, 54, 55, 55, 0, 54, 55, 54, 54, 54, 54, 54, 0, 0]",54.69,51,4441122122111221122212221111112222222222221112422112222242332222224444444222223322233222211422222244,1,16290,19674,14430,810,0,1650,33,48,"[0, 0, 25, 29, 38, 51, 35, 41, 43, 54, 53, 54, 54, 56, 43, 45, 56, 53, 53, 50, 48, 52, 51, 49, 0, 0, 0, 0, 0, 49, 54, 49, 46, 42, 43, 47, 59, 36, 37, 30, 34, 42, 29, 38, 34, 0, 0, 58, 53, 60, 42, 37, 56, 53, 62, 0, 57, 0, 57, 73, 56, 60, 54, 47, 55, 57, 0, 0, 0, 0, 0, 0, 0, 53, 57, 60, 45, 56, 0, 46, 55, 37, 50, 41, 52, 45, 56, 58, 56, 57, 0, 54, 40, 45, 38, 40, 54, 41, 0, 0]",68,25,97,65,76,97,24,74,2020-05-24,0.02,0.02,0.13,120,24420
67,3600,2020-05-26T09:01:03+02:00,32463,2020-05-26T02:15:03+02:00,8103,14.25,9210,24360,85,"[60, 60, 59, 58, 58, 58, 57, 57, 57, 56, 56, 58, 61, 64, 65, 59, 58, 57, 57, 55, 55, 54, 54, 54, 0, 55, 55, 57, 54, 54, 55, 59, 64, 64, 60, 57, 0, 56, 55, 55, 55, 54, 54, 54, 54, 54, 54, 54, 54, 54, 55, 57, 56, 55, 55, 57, 56, 57, 56, 56, 56, 57, 56, 56, 57, 58, 60, 58, 61, 59, 57, 56, 54, 54, 56, 56, 56, 55, 54, 54, 0, 0]",56.64,54,4221111122111112211221124114111213224421211222112222224422111122113332222242222244,1,10680,19893,11790,270,0,870,19,53,"[48, 60, 57, 72, 59, 58, 69, 62, 55, 50, 46, 59, 56, 26, 40, 58, 66, 56, 69, 47, 41, 46, 57, 48, 0, 69, 65, 61, 60, 70, 49, 64, 38, 38, 41, 53, 0, 28, 32, 43, 33, 45, 42, 33, 41, 45, 45, 56, 60, 53, 64, 58, 67, 59, 56, 58, 50, 64, 55, 50, 55, 67, 60, 52, 61, 44, 49, 50, 52, 46, 45, 51, 52, 64, 64, 44, 46, 56, 59, 59, 0, 0]",60,24,100,68,83,72,13,59,2020-05-25,-0.08,-0.08,0.04,120,20760
68,5100,2020-05-27T09:52:03+02:00,35523,2020-05-27T01:28:03+02:00,5283,13.875,8580,30240,83,"[0, 61, 58, 56, 56, 56, 55, 56, 56, 54, 54, 54, 55, 55, 60, 56, 56, 57, 55, 54, 54, 54, 56, 56, 56, 54, 54, 54, 54, 53, 54, 55, 54, 55, 54, 55, 0, 0, 51, 51, 51, 51, 51, 52, 52, 51, 51, 50, 52, 52, 51, 51, 53, 52, 0, 54, 59, 55, 52, 52, 51, 51, 52, 52, 52, 51, 51, 52, 51, 51, 52, 52, 53, 55, 59, 54, 55, 53, 52, 53, 52, 53, 53, 53, 52, 52, 52, 52, 54, 54, 56, 55, 54, 54, 53, 53, 53, 54, 54, 0, 0]",53.63,50,44222111111111112222222111211122244244412222122211124243322222211222221113242224223222222333222223144,1,14250,20253,14970,630,0,2310,24,52,"[0, 32, 28, 24, 35, 24, 33, 29, 40, 55, 54, 57, 56, 54, 47, 65, 60, 51, 44, 49, 44, 47, 50, 53, 51, 51, 47, 48, 52, 60, 44, 51, 52, 67, 42, 38, 0, 0, 52, 48, 51, 44, 47, 38, 46, 62, 50, 77, 50, 45, 53, 66, 46, 68, 0, 56, 58, 67, 49, 64, 53, 54, 56, 64, 73, 68, 63, 62, 59, 65, 60, 79, 59, 72, 40, 42, 35, 46, 61, 63, 59, 63, 38, 49, 73, 41, 80, 61, 41, 38, 53, 56, 57, 51, 63, 68, 49, 41, 41, 0, 0]",69,23,100,66,79,89,34,77,2020-05-26,0.06,0.06,0.06,120,25140
69,4770,2020-05-28T10:48:03+02:00,38883,2020-05-28T01:56:03+02:00,6963,14.0,9330,31920,85,"[58, 56, 56, 55, 54, 0, 0, 52, 53, 53, 53, 55, 58, 57, 60, 57, 56, 55, 55, 55, 57, 56, 55, 56, 55, 54, 55, 54, 54, 53, 53, 53, 55, 57, 58, 60, 59, 59, 56, 55, 55, 55, 54, 54, 54, 53, 54, 0, 0, 0, 0, 0, 53, 53, 56, 56, 60, 56, 56, 58, 59, 0, 54, 54, 54, 55, 55, 55, 55, 56, 55, 55, 55, 56, 57, 58, 0, 0, 56, 56, 56, 55, 53, 54, 54, 55, 0, 0, 56, 57, 62, 57, 58, 59, 56, 57, 55, 55, 54, 54, 54, 53, 53, 53, 54, 54, 0]",55.45,52,42111111121111222211111132222222111222222111211134444224242332422222111231123332222222134224222222223333344,1,14340,22653,15690,360,0,3480,25,57,"[32, 34, 38, 39, 32, 0, 0, 73, 38, 35, 32, 61, 62, 49, 46, 65, 65, 60, 52, 51, 52, 55, 60, 64, 45, 43, 52, 61, 54, 68, 53, 54, 83, 54, 47, 49, 59, 55, 46, 47, 37, 38, 42, 39, 35, 40, 49, 0, 0, 0, 0, 0, 54, 52, 57, 58, 48, 52, 58, 41, 44, 0, 43, 52, 54, 54, 54, 49, 54, 53, 60, 58, 112, 67, 63, 56, 0, 0, 84, 64, 66, 61, 73, 61, 58, 59, 0, 0, 75, 58, 52, 61, 53, 52, 65, 57, 68, 63, 58, 54, 57, 68, 53, 113, 75, 89, 0]",73,16,100,68,83,75,52,86,2020-05-27,0.05,0.05,0.09,120,27150
70,5400,2020-05-29T09:13:03+02:00,33183,2020-05-29T01:36:03+02:00,5763,14.25,7050,27420,80,"[0, 63, 62, 59, 59, 0, 0, 0, 0, 0, 0, 62, 60, 58, 58, 57, 57, 58, 58, 58, 58, 57, 58, 62, 61, 59, 61, 59, 59, 59, 58, 59, 58, 58, 58, 57, 55, 55, 55, 54, 53, 53, 54, 53, 53, 51, 53, 56, 58, 56, 58, 58, 57, 55, 54, 54, 54, 54, 56, 56, 57, 58, 57, 56, 57, 58, 58, 57, 0, 61, 59, 58, 56, 59, 65, 56, 57, 57, 55, 55, 55, 55, 0, 0, 54, 54, 56, 57, 0, 59, 0, 0]",57.1,51,44111144444412222222112114222221112222112222111212222233311112212212222222242222113332222444,1,13380,20283,14520,750,0,1590,20,71,"[0, 38, 41, 46, 70, 0, 0, 0, 0, 0, 0, 55, 48, 63, 66, 70, 81, 62, 55, 64, 63, 72, 64, 45, 55, 42, 51, 60, 66, 66, 65, 72, 76, 64, 60, 77, 72, 81, 86, 71, 79, 70, 83, 70, 76, 93, 72, 72, 70, 66, 69, 77, 79, 76, 79, 82, 74, 79, 63, 70, 85, 81, 80, 78, 82, 83, 77, 90, 0, 49, 63, 71, 57, 45, 34, 49, 53, 72, 82, 88, 95, 89, 0, 0, 81, 72, 81, 82, 0, 75, 0, 0]",63,23,98,66,72,94,23,64,2020-05-28,0.14,0.14,0.15,120,22020
